INSERT INTO CHILD VALUES (DEFAULT,'Freya','RHODES','1/2/2021','FEMALE');
INSERT INTO CHILD VALUES (DEFAULT,'Anna','MILLAR','1/2/2021','FEMALE');
INSERT INTO CHILD VALUES (DEFAULT,'Eva','GILES','1/2/2021','FEMALE');
INSERT INTO CHILD VALUES (DEFAULT,'Kirsty','BYRNE','1/2/2021','FEMALE');
INSERT INTO CHILD VALUES (DEFAULT,'Emily','CASEY','1/2/2021','FEMALE');
INSERT INTO CHILD VALUES (DEFAULT,'Nicholas','BOYCE','1/2/2021','MALE');
INSERT INTO CHILD VALUES (DEFAULT,'Hannah','RIACH','1/2/2021','FEMALE');
INSERT INTO CHILD VALUES (DEFAULT,'Jamie','MCNAUGHTON','1/2/2021','MALE');
INSERT INTO CHILD VALUES (DEFAULT,'Jack','BAYNE','1/2/2021','MALE');
INSERT INTO CHILD VALUES (DEFAULT,'Peter','MULLIGAN','1/2/2021','MALE');
INSERT INTO CHILD VALUES (DEFAULT,'Pauline','YOUNGER','1/2/2021','FEMALE');
INSERT INTO CHILD VALUES (DEFAULT,'Madison','CROSBY','1/2/2021','FEMALE');
INSERT INTO CHILD VALUES (DEFAULT,'Joseph','THAIN','1/2/2021','MALE');
INSERT INTO CHILD VALUES (DEFAULT,'Jordan','NICOLSON','1/2/2021','MALE');
INSERT INTO CHILD VALUES (DEFAULT,'Richard','MITCHELL','1/2/2021','MALE');
INSERT INTO CHILD VALUES (DEFAULT,'Ben','BURTON','1/2/2021','MALE');
INSERT INTO CHILD VALUES (DEFAULT,'Lee','MCDOWALL','1/2/2021','MALE');
INSERT INTO CHILD VALUES (DEFAULT,'Clare','BLAIR','1/2/2021','FEMALE');
INSERT INTO CHILD VALUES (DEFAULT,'Lola','SPEIRS','1/2/2021','FEMALE');
INSERT INTO CHILD VALUES (DEFAULT,'Stephanie','OSBORNE','1/2/2021','FEMALE');
INSERT INTO CHILD VALUES (DEFAULT,'Leo','WARE','1/2/2021','MALE');
INSERT INTO CHILD VALUES (DEFAULT,'Douglas','WILLIAMS','1/2/2021','MALE');
INSERT INTO CHILD VALUES (DEFAULT,'Ian','JACKSON','1/2/2021','MALE');
INSERT INTO CHILD VALUES (DEFAULT,'Ewan','MCDIARMID','1/2/2021','MALE');
INSERT INTO CHILD VALUES (DEFAULT,'William','CURRIE','1/2/2021','MALE');
INSERT INTO CHILD VALUES (DEFAULT,'Naomi','BENNETT','1/2/2021','FEMALE');
INSERT INTO CHILD VALUES (DEFAULT,'Katie','WALLIS','1/2/2021','FEMALE');
INSERT INTO CHILD VALUES (DEFAULT,'Phoebe','MILLER','1/2/2021','FEMALE');
INSERT INTO CHILD VALUES (DEFAULT,'Katie','WALLIS','1/2/2021','FEMALE');
INSERT INTO CHILD VALUES (DEFAULT,'Tracey','RIACH','1/2/2021','FEMALE');
INSERT INTO CHILD VALUES (DEFAULT,'Thomas','MILLIGAN','1/2/2021','MALE');
INSERT INTO CHILD VALUES (DEFAULT,'Lily','HENDRY','1/2/2021','FEMALE');
INSERT INTO CHILD VALUES (DEFAULT,'Finn','GRIFFIN','1/2/2021','MALE');
INSERT INTO CHILD VALUES (DEFAULT,'Samuel','ABERNETHY','1/2/2021','MALE');
INSERT INTO CHILD VALUES (DEFAULT,'Caitlin','GALLACHER','1/2/2021','FEMALE');
INSERT INTO CHILD VALUES (DEFAULT,'Connor','MCGRORY','1/2/2021','MALE');
INSERT INTO CHILD VALUES (DEFAULT,'Lee','KILGOUR','1/2/2021','MALE');
INSERT INTO CHILD VALUES (DEFAULT,'Elizabeth','BLACKBURN','1/2/2021','FEMALE');
INSERT INTO CHILD VALUES (DEFAULT,'Catriona','MCGINNESS','1/2/2021','FEMALE');
INSERT INTO CHILD VALUES (DEFAULT,'Jamie','FISHER','1/2/2021','MALE');
INSERT INTO CHILD VALUES (DEFAULT,'Hannah','MUTCH','1/2/2021','FEMALE');
INSERT INTO CHILD VALUES (DEFAULT,'Samuel','MCLUCKIE','1/2/2021','MALE');
INSERT INTO CHILD VALUES (DEFAULT,'Layla','TENNANT','1/2/2021','FEMALE');
INSERT INTO CHILD VALUES (DEFAULT,'Sarah','LEONARD','1/2/2021','FEMALE');
INSERT INTO CHILD VALUES (DEFAULT,'Amelia','CARMICHAEL','1/2/2021','FEMALE');
INSERT INTO CHILD VALUES (DEFAULT,'Allan','SKELTON','1/2/2021','MALE');
INSERT INTO CHILD VALUES (DEFAULT,'Alastair','PETRIE','1/2/2021','MALE');
INSERT INTO CHILD VALUES (DEFAULT,'Leon','BURNS','1/2/2021','MALE');
INSERT INTO CHILD VALUES (DEFAULT,'Connor','DALY','1/2/2021','MALE');
INSERT INTO CHILD VALUES (DEFAULT,'Elizabeth','HYSLOP','1/2/2021','FEMALE');
INSERT INTO CHILD VALUES (DEFAULT,'Mohammed','HERBERT','1/2/2021','MALE');
INSERT INTO CHILD VALUES (DEFAULT,'Jodie','BONNER','1/2/2021','FEMALE');
INSERT INTO CHILD VALUES (DEFAULT,'Angela','WHITEHEAD','1/2/2021','FEMALE');
INSERT INTO CHILD VALUES (DEFAULT,'Emma','LYONS','1/2/2021','FEMALE');
INSERT INTO CHILD VALUES (DEFAULT,'Sarah','MCGRAW','1/2/2021','FEMALE');
INSERT INTO CHILD VALUES (DEFAULT,'Cameron','FLYNN','1/2/2021','MALE');
INSERT INTO CHILD VALUES (DEFAULT,'Grace','FORRESTER','1/2/2021','FEMALE');
INSERT INTO CHILD VALUES (DEFAULT,'Murray','O''HAGAN','1/2/2021','MALE');
INSERT INTO CHILD VALUES (DEFAULT,'Brodie','COWAN','1/2/2021','MALE');
INSERT INTO CHILD VALUES (DEFAULT,'Jennifer','REEKIE','1/2/2021','FEMALE');
INSERT INTO CHILD VALUES (DEFAULT,'Hugh','MCHUGH','1/2/2021','MALE');
INSERT INTO CHILD VALUES (DEFAULT,'Andrew','ORD','1/2/2021','MALE');
INSERT INTO CHILD VALUES (DEFAULT,'Siobhan','WESTWOOD','1/2/2021','FEMALE');
INSERT INTO CHILD VALUES (DEFAULT,'Shaun','HILL','1/2/2021','MALE');
INSERT INTO CHILD VALUES (DEFAULT,'Jonathan','LAMB','1/2/2021','MALE');
INSERT INTO CHILD VALUES (DEFAULT,'Ruaridh','CLARKSON','1/2/2021','MALE');
INSERT INTO CHILD VALUES (DEFAULT,'Murray','LANE','1/2/2021','MALE');
INSERT INTO CHILD VALUES (DEFAULT,'Matthew','MACLEAN','1/2/2021','MALE');
INSERT INTO CHILD VALUES (DEFAULT,'Keith','GOWANS','1/2/2021','MALE');
INSERT INTO CHILD VALUES (DEFAULT,'Eva','GALBRAITH','1/2/2021','FEMALE');
INSERT INTO CHILD VALUES (DEFAULT,'James','ALI','1/2/2021','MALE');
INSERT INTO CHILD VALUES (DEFAULT,'Amanda','BUTCHART','1/2/2021','FEMALE');
INSERT INTO CHILD VALUES (DEFAULT,'Alison','MCCORMACK','1/2/2021','FEMALE');
INSERT INTO CHILD VALUES (DEFAULT,'Taylor','CARROLL','1/2/2021','MALE');
INSERT INTO CHILD VALUES (DEFAULT,'Gerard','HALLIDAY','1/2/2021','MALE');
INSERT INTO CHILD VALUES (DEFAULT,'Linda','BURKE','1/2/2021','FEMALE');
INSERT INTO CHILD VALUES (DEFAULT,'Alistair','JORDAN','1/2/2021','MALE');
INSERT INTO CHILD VALUES (DEFAULT,'Ruth','DUNSMORE','1/2/2021','FEMALE');
INSERT INTO CHILD VALUES (DEFAULT,'Fraser','LECKIE','1/2/2021','MALE');
INSERT INTO CHILD VALUES (DEFAULT,'Scott','BAINES','1/2/2021','MALE');
INSERT INTO CHILD VALUES (DEFAULT,'Leanne','MCGEACHY','1/2/2021','FEMALE');
INSERT INTO CHILD VALUES (DEFAULT,'Gerard','HALLIDAY','1/2/2021','MALE');
INSERT INTO CHILD VALUES (DEFAULT,'Samuel','PROVAN','1/2/2021','MALE');
INSERT INTO CHILD VALUES (DEFAULT,'Penelope','GIBBS','1/2/2021','FEMALE');
INSERT INTO CHILD VALUES (DEFAULT,'Isaac','YOUNG','1/2/2021','MALE');
INSERT INTO CHILD VALUES (DEFAULT,'Robbie','MCCOLL','1/2/2021','MALE');
INSERT INTO CHILD VALUES (DEFAULT,'Catherine','AUSTIN','1/2/2021','FEMALE');
INSERT INTO CHILD VALUES (DEFAULT,'Leah','DEAS','1/2/2021','FEMALE');
INSERT INTO CHILD VALUES (DEFAULT,'Dylan','REILLY','1/2/2021','MALE');
INSERT INTO CHILD VALUES (DEFAULT,'Ewan','MCKENZIE','1/2/2021','MALE');
INSERT INTO CHILD VALUES (DEFAULT,'Kian','STRUTHERS','1/2/2021','MALE');
INSERT INTO CHILD VALUES (DEFAULT,'Kerry','ROBINSON','1/2/2021','FEMALE');
INSERT INTO CHILD VALUES (DEFAULT,'Kim','MCALINDEN','1/2/2021','FEMALE');
INSERT INTO CHILD VALUES (DEFAULT,'Peter','ABBOTT','1/2/2021','MALE');
INSERT INTO CHILD VALUES (DEFAULT,'Jade','COLQUHOUN','1/2/2021','FEMALE');
INSERT INTO CHILD VALUES (DEFAULT,'Ewan','SANDS','1/2/2021','MALE');
INSERT INTO CHILD VALUES (DEFAULT,'Lynne','PROVAN','1/2/2021','FEMALE');
INSERT INTO CHILD VALUES (DEFAULT,'Mhairi','MCHALE','1/2/2021','FEMALE');
INSERT INTO CHILD VALUES (DEFAULT,'Robbie','MACASKILL','1/2/2021','MALE');
INSERT INTO CHILD VALUES (DEFAULT,'Harris','MEEHAN','1/2/2021','MALE');
INSERT INTO PARENT VALUES (DEFAULT,'Ryan','MERCHANT','1/2/1990','MALE');
INSERT INTO PARENT VALUES (DEFAULT,'William','LI','1/2/1990','MALE');
INSERT INTO PARENT VALUES (DEFAULT,'Peter','BLAIN','1/2/1990','MALE');
INSERT INTO PARENT VALUES (DEFAULT,'Samantha','MURPHY','1/2/1990','FEMALE');
INSERT INTO PARENT VALUES (DEFAULT,'Georgia','STEAD','1/2/1990','FEMALE');
INSERT INTO PARENT VALUES (DEFAULT,'Melissa','MOODIE','1/2/1990','FEMALE');
INSERT INTO PARENT VALUES (DEFAULT,'James','FLOOD','1/2/1990','MALE');
INSERT INTO PARENT VALUES (DEFAULT,'Orla','HOGAN','1/2/1990','FEMALE');
INSERT INTO PARENT VALUES (DEFAULT,'Alison','CUTHILL','1/2/1990','FEMALE');
INSERT INTO PARENT VALUES (DEFAULT,'Alan','KEDDIE','1/2/1990','MALE');
INSERT INTO PARENT VALUES (DEFAULT,'Calum','BAILEY','1/2/1990','MALE');
INSERT INTO PARENT VALUES (DEFAULT,'Robert','RIDDELL','1/2/1990','MALE');
INSERT INTO PARENT VALUES (DEFAULT,'Stuart','SINGER','1/2/1990','MALE');
INSERT INTO PARENT VALUES (DEFAULT,'Gillian','SHARMA','1/2/1990','FEMALE');
INSERT INTO PARENT VALUES (DEFAULT,'Cara','LIU','1/2/1990','FEMALE');
INSERT INTO PARENT VALUES (DEFAULT,'Hollie','SMEATON','1/2/1990','FEMALE');
INSERT INTO PARENT VALUES (DEFAULT,'Fraser','STOCKS','1/2/1990','MALE');
INSERT INTO PARENT VALUES (DEFAULT,'Isla','PAGE','1/2/1990','FEMALE');
INSERT INTO PARENT VALUES (DEFAULT,'Margaret','MOWAT','1/2/1990','FEMALE');
INSERT INTO PARENT VALUES (DEFAULT,'Ben','MANN','1/2/1990','MALE');
INSERT INTO PARENT VALUES (DEFAULT,'Duncan','LEIGHTON','1/2/1990','MALE');
INSERT INTO PARENT VALUES (DEFAULT,'Malcolm','DUKE','1/2/1990','MALE');
INSERT INTO PARENT VALUES (DEFAULT,'Gavin','MATHER','1/2/1990','MALE');
INSERT INTO PARENT VALUES (DEFAULT,'Katherine','MACPHERSON','1/2/1990','FEMALE');
INSERT INTO PARENT VALUES (DEFAULT,'Claire','JARVIE','1/2/1990','FEMALE');
INSERT INTO PARENT VALUES (DEFAULT,'Kenneth','TARIQ','1/2/1990','MALE');
INSERT INTO PARENT VALUES (DEFAULT,'Bethany','EWING','1/2/1990','FEMALE');
INSERT INTO PARENT VALUES (DEFAULT,'Kevin','BRYSON','1/2/1990','MALE');
INSERT INTO PARENT VALUES (DEFAULT,'Shaun','HILL','1/2/1990','MALE');
INSERT INTO PARENT VALUES (DEFAULT,'Robbie','SOMERVILLE','1/2/1990','MALE');
INSERT INTO PARENT VALUES (DEFAULT,'Aidan','RASHID','1/2/1990','MALE');
INSERT INTO PARENT VALUES (DEFAULT,'Kyle','SYMON','1/2/1990','MALE');
INSERT INTO PARENT VALUES (DEFAULT,'John','NOON','1/2/1990','MALE');
INSERT INTO PARENT VALUES (DEFAULT,'Melanie','GREER','1/2/1990','FEMALE');
INSERT INTO PARENT VALUES (DEFAULT,'Kevin','BREWSTER','1/2/1990','MALE');
INSERT INTO PARENT VALUES (DEFAULT,'Charlene','COLLINS','1/2/1990','FEMALE');
INSERT INTO PARENT VALUES (DEFAULT,'Rosie','MCDADE','1/2/1990','FEMALE');
INSERT INTO PARENT VALUES (DEFAULT,'Sean','GOODWIN','1/2/1990','MALE');
INSERT INTO PARENT VALUES (DEFAULT,'Matthew','DUFFIN','1/2/1990','MALE');
INSERT INTO PARENT VALUES (DEFAULT,'Lara','EWING','1/2/1990','FEMALE');
INSERT INTO PARENT VALUES (DEFAULT,'Malcolm','NOTMAN','1/2/1990','MALE');
INSERT INTO PARENT VALUES (DEFAULT,'Joseph','MCNICOL','1/2/1990','MALE');
INSERT INTO PARENT VALUES (DEFAULT,'Melanie','VEITCH','1/2/1990','FEMALE');
INSERT INTO PARENT VALUES (DEFAULT,'Jacob','MCELROY','1/2/1990','MALE');
INSERT INTO PARENT VALUES (DEFAULT,'Jodie','CHAUDHRY','1/2/1990','FEMALE');
INSERT INTO PARENT VALUES (DEFAULT,'Faith','HAGGERTY','1/2/1990','FEMALE');
INSERT INTO PARENT VALUES (DEFAULT,'Alasdair','NOTMAN','1/2/1990','MALE');
INSERT INTO PARENT VALUES (DEFAULT,'Morgan','AIRD','1/2/1990','FEMALE');
INSERT INTO PARENT VALUES (DEFAULT,'Jacqueline','MCGOVERN','1/2/1990','FEMALE');
INSERT INTO PARENT VALUES (DEFAULT,'Catriona','MUNRO','1/2/1990','FEMALE');
INSERT INTO FAMILY VALUES ('18','1');
INSERT INTO FAMILY VALUES ('7','2');
INSERT INTO FAMILY VALUES ('14','2');
INSERT INTO FAMILY VALUES ('19','3');
INSERT INTO FAMILY VALUES ('57','3');
INSERT INTO FAMILY VALUES ('84','4');
INSERT INTO FAMILY VALUES ('79','4');
INSERT INTO FAMILY VALUES ('16','5');
INSERT INTO FAMILY VALUES ('85','5');
INSERT INTO FAMILY VALUES ('39','6');
INSERT INTO FAMILY VALUES ('30','6');
INSERT INTO FAMILY VALUES ('88','7');
INSERT INTO FAMILY VALUES ('22','7');
INSERT INTO FAMILY VALUES ('45','8');
INSERT INTO FAMILY VALUES ('82','8');
INSERT INTO FAMILY VALUES ('97','9');
INSERT INTO FAMILY VALUES ('81','9');
INSERT INTO FAMILY VALUES ('4','10');
INSERT INTO FAMILY VALUES ('90','10');
INSERT INTO FAMILY VALUES ('44','11');
INSERT INTO FAMILY VALUES ('12','11');
INSERT INTO FAMILY VALUES ('35','12');
INSERT INTO FAMILY VALUES ('31','12');
INSERT INTO FAMILY VALUES ('99','13');
INSERT INTO FAMILY VALUES ('23','13');
INSERT INTO FAMILY VALUES ('91','14');
INSERT INTO FAMILY VALUES ('83','14');
INSERT INTO FAMILY VALUES ('78','15');
INSERT INTO FAMILY VALUES ('60','15');
INSERT INTO FAMILY VALUES ('27','16');
INSERT INTO FAMILY VALUES ('32','16');
INSERT INTO FAMILY VALUES ('48','17');
INSERT INTO FAMILY VALUES ('74','17');
INSERT INTO FAMILY VALUES ('5','18');
INSERT INTO FAMILY VALUES ('59','18');
INSERT INTO FAMILY VALUES ('26','19');
INSERT INTO FAMILY VALUES ('46','19');
INSERT INTO FAMILY VALUES ('37','20');
INSERT INTO FAMILY VALUES ('9','20');
INSERT INTO FAMILY VALUES ('72','21');
INSERT INTO FAMILY VALUES ('76','21');
INSERT INTO FAMILY VALUES ('69','22');
INSERT INTO FAMILY VALUES ('61','22');
INSERT INTO FAMILY VALUES ('92','23');
INSERT INTO FAMILY VALUES ('71','23');
INSERT INTO FAMILY VALUES ('95','24');
INSERT INTO FAMILY VALUES ('70','24');
INSERT INTO FAMILY VALUES ('63','25');
INSERT INTO FAMILY VALUES ('100','25');
INSERT INTO FAMILY VALUES ('11','26');
INSERT INTO FAMILY VALUES ('36','26');
INSERT INTO FAMILY VALUES ('66','27');
INSERT INTO FAMILY VALUES ('40','27');
INSERT INTO FAMILY VALUES ('77','28');
INSERT INTO FAMILY VALUES ('24','28');
INSERT INTO FAMILY VALUES ('56','29');
INSERT INTO FAMILY VALUES ('75','29');
INSERT INTO FAMILY VALUES ('29','30');
INSERT INTO FAMILY VALUES ('42','30');
INSERT INTO FAMILY VALUES ('50','31');
INSERT INTO FAMILY VALUES ('93','31');
INSERT INTO FAMILY VALUES ('34','32');
INSERT INTO FAMILY VALUES ('54','32');
INSERT INTO FAMILY VALUES ('65','33');
INSERT INTO FAMILY VALUES ('62','33');
INSERT INTO FAMILY VALUES ('38','34');
INSERT INTO FAMILY VALUES ('41','34');
INSERT INTO FAMILY VALUES ('49','35');
INSERT INTO FAMILY VALUES ('3','35');
INSERT INTO FAMILY VALUES ('89','36');
INSERT INTO FAMILY VALUES ('58','36');
INSERT INTO FAMILY VALUES ('1','37');
INSERT INTO FAMILY VALUES ('67','37');
INSERT INTO FAMILY VALUES ('94','38');
INSERT INTO FAMILY VALUES ('80','38');
INSERT INTO FAMILY VALUES ('43','39');
INSERT INTO FAMILY VALUES ('64','39');
INSERT INTO FAMILY VALUES ('28','40');
INSERT INTO FAMILY VALUES ('33','40');
INSERT INTO FAMILY VALUES ('8','41');
INSERT INTO FAMILY VALUES ('52','41');
INSERT INTO FAMILY VALUES ('87','42');
INSERT INTO FAMILY VALUES ('51','42');
INSERT INTO FAMILY VALUES ('55','43');
INSERT INTO FAMILY VALUES ('6','43');
INSERT INTO FAMILY VALUES ('15','44');
INSERT INTO FAMILY VALUES ('13','44');
INSERT INTO FAMILY VALUES ('96','45');
INSERT INTO FAMILY VALUES ('21','45');
INSERT INTO FAMILY VALUES ('73','46');
INSERT INTO FAMILY VALUES ('17','46');
INSERT INTO FAMILY VALUES ('20','47');
INSERT INTO FAMILY VALUES ('2','47');
INSERT INTO FAMILY VALUES ('25','48');
INSERT INTO FAMILY VALUES ('53','48');
INSERT INTO FAMILY VALUES ('68','49');
INSERT INTO FAMILY VALUES ('98','49');
INSERT INTO FAMILY VALUES ('86','50');
INSERT INTO FAMILY VALUES ('10','50');
INSERT INTO CATEGORY VALUES ('DROPOFF', 'A child is entering the facility');
INSERT INTO CATEGORY VALUES ('PICKUP', 'A child is leaving the facility');
INSERT INTO CATEGORY VALUES ('TEST', 'This is a test entry and not valid');
INSERT INTO CATEGORY VALUES ('OTHER', 'not a dropoff/pickup');
INSERT INTO MOOD VALUES ('EXHAUSTED', 'drained of one''s physical or mental resources');
INSERT INTO MOOD VALUES ('CONFUSED', 'unable to think clearly; bewildered');
INSERT INTO MOOD VALUES ('ECSTATIC', 'overwhelming happiness or joyful excitement');
INSERT INTO MOOD VALUES ('GUILTY', 'culpable of or responsible for a specified wrongdoing');
INSERT INTO MOOD VALUES ('SUSPICIOUS', 'having or showing a cautious distrust of someone or something');
INSERT INTO MOOD VALUES ('ANGRY', 'feeling or showing strong annoyance, displeasure, or hostility');
INSERT INTO MOOD VALUES ('HYSTERICAL', 'deriving from or affected by uncontrolled extreme emotion');
INSERT INTO MOOD VALUES ('FRUSTRATED', 'feeling/expressing distress and annoyance, especially because of inability to change/achieve a thing');
INSERT INTO MOOD VALUES ('SAD', 'feeling or showing sorrow; unhappy');
INSERT INTO MOOD VALUES ('CONFIDENT', 'feeling or showing certainty about something; self-assured');
INSERT INTO MOOD VALUES ('EMBARRASSED', 'feeling or showing awkwardness or unease');
INSERT INTO MOOD VALUES ('HAPPY', 'feeling or showing pleasure or contentment');
INSERT INTO MOOD VALUES ('MISCHIEVOUS', 'causing or showing a fondness for causing trouble in a playful way');
INSERT INTO MOOD VALUES ('DISGUSTED', 'feeling or expressing revulsion or strong disapproval');
INSERT INTO MOOD VALUES ('FRIGHTENED', 'afraid or anxious');
INSERT INTO MOOD VALUES ('ENRAGED', 'very angry; furious');
INSERT INTO MOOD VALUES ('ASHAMED', 'embarrassed or guilty because of one''s actions, characteristics, or associations');
INSERT INTO MOOD VALUES ('CAUTIOUS', 'careful to avoid potential problems or dangers');
INSERT INTO MOOD VALUES ('SMUG', 'having or showing an excessive pride in oneself or one''s achievements');
INSERT INTO MOOD VALUES ('DEPRESSED', 'in a state of general unhappiness or despondency');
INSERT INTO MOOD VALUES ('OVERWHELMED', 'bury or drown beneath a huge mass');
INSERT INTO MOOD VALUES ('HOPEFUL', 'feeling or inspiring optimism about a future event');
INSERT INTO MOOD VALUES ('LONELY', 'sad because one has no friends or company');
INSERT INTO MOOD VALUES ('LOVESTRUCK', 'besotted or infatuated.');
INSERT INTO MOOD VALUES ('BORED', 'feeling weary because one is unoccupied or lacks interest in one''s current activity');
INSERT INTO MOOD VALUES ('SURPRISED', 'mild astonishment or shock');
INSERT INTO MOOD VALUES ('ANXIOUS', 'experiencing worry, unease, or nervousness');
INSERT INTO MOOD VALUES ('SHOCKED', 'surprised and upset');
INSERT INTO MOOD VALUES ('SHY', 'being reserved or having or showing nervousness or timidity');
INSERT INTO TRANSFER VALUES (DEFAULT,'2021-08-06','17:44:47.751609881');
INSERT INTO ATTENDANCE VALUES (1,79);
INSERT INTO PARENT_XCHGE VALUES (1,4);
INSERT INTO CATEGORY_TRANSFER VALUES (1,'DROPOFF');
INSERT INTO DISPOSITION_TRANSFER VALUES(1,'HAPPY');
INSERT INTO TRANSFER VALUES (DEFAULT,'2021-08-06','17:44:47.751609881');
INSERT INTO ATTENDANCE VALUES (2,79);
INSERT INTO PARENT_XCHGE VALUES (2,4);
INSERT INTO CATEGORY_TRANSFER VALUES (2,'PICKUP');
INSERT INTO DISPOSITION_TRANSFER VALUES (2,EXHAUSTED');
INSERT INTO TRANSFER VALUES (DEFAULT,'2021-08-06','17:44:47.756671463');
INSERT INTO ATTENDANCE VALUES (3,94);
INSERT INTO PARENT_XCHGE VALUES (3,38);
INSERT INTO CATEGORY_TRANSFER VALUES (3,'DROPOFF');
INSERT INTO DISPOSITION_TRANSFER VALUES(3,'HAPPY');
INSERT INTO TRANSFER VALUES (DEFAULT,'2021-08-06','17:44:47.756671463');
INSERT INTO ATTENDANCE VALUES (4,94);
INSERT INTO PARENT_XCHGE VALUES (4,38);
INSERT INTO CATEGORY_TRANSFER VALUES (4,'PICKUP');
INSERT INTO DISPOSITION_TRANSFER VALUES (4,EXHAUSTED');
INSERT INTO TRANSFER VALUES (DEFAULT,'2021-08-06','17:44:47.756814520');
INSERT INTO ATTENDANCE VALUES (5,50);
INSERT INTO PARENT_XCHGE VALUES (5,31);
INSERT INTO CATEGORY_TRANSFER VALUES (5,'DROPOFF');
INSERT INTO DISPOSITION_TRANSFER VALUES(5,'HAPPY');
INSERT INTO TRANSFER VALUES (DEFAULT,'2021-08-06','17:44:47.756814520');
INSERT INTO ATTENDANCE VALUES (6,50);
INSERT INTO PARENT_XCHGE VALUES (6,31);
INSERT INTO CATEGORY_TRANSFER VALUES (6,'PICKUP');
INSERT INTO DISPOSITION_TRANSFER VALUES (6,EXHAUSTED');
INSERT INTO TRANSFER VALUES (DEFAULT,'2021-08-06','17:44:47.756947853');
INSERT INTO ATTENDANCE VALUES (7,16);
INSERT INTO PARENT_XCHGE VALUES (7,5);
INSERT INTO CATEGORY_TRANSFER VALUES (7,'DROPOFF');
INSERT INTO DISPOSITION_TRANSFER VALUES(7,'HAPPY');
INSERT INTO TRANSFER VALUES (DEFAULT,'2021-08-06','17:44:47.756947853');
INSERT INTO ATTENDANCE VALUES (8,16);
INSERT INTO PARENT_XCHGE VALUES (8,5);
INSERT INTO CATEGORY_TRANSFER VALUES (8,'PICKUP');
INSERT INTO DISPOSITION_TRANSFER VALUES (8,EXHAUSTED');
INSERT INTO TRANSFER VALUES (DEFAULT,'2021-08-06','17:44:47.757070646');
INSERT INTO ATTENDANCE VALUES (9,69);
INSERT INTO PARENT_XCHGE VALUES (9,22);
INSERT INTO CATEGORY_TRANSFER VALUES (9,'DROPOFF');
INSERT INTO DISPOSITION_TRANSFER VALUES(9,'HAPPY');
INSERT INTO TRANSFER VALUES (DEFAULT,'2021-08-06','17:44:47.757070646');
INSERT INTO ATTENDANCE VALUES (10,69);
INSERT INTO PARENT_XCHGE VALUES (10,22);
INSERT INTO CATEGORY_TRANSFER VALUES (10,'PICKUP');
INSERT INTO DISPOSITION_TRANSFER VALUES (10,EXHAUSTED');
INSERT INTO TRANSFER VALUES (DEFAULT,'2021-08-06','17:44:47.757208608');
INSERT INTO ATTENDANCE VALUES (11,11);
INSERT INTO PARENT_XCHGE VALUES (11,26);
INSERT INTO CATEGORY_TRANSFER VALUES (11,'DROPOFF');
INSERT INTO DISPOSITION_TRANSFER VALUES(11,'HAPPY');
INSERT INTO TRANSFER VALUES (DEFAULT,'2021-08-06','17:44:47.757208608');
INSERT INTO ATTENDANCE VALUES (12,11);
INSERT INTO PARENT_XCHGE VALUES (12,26);
INSERT INTO CATEGORY_TRANSFER VALUES (12,'PICKUP');
INSERT INTO DISPOSITION_TRANSFER VALUES (12,EXHAUSTED');
INSERT INTO TRANSFER VALUES (DEFAULT,'2021-08-06','17:44:47.757325650');
INSERT INTO ATTENDANCE VALUES (13,33);
INSERT INTO PARENT_XCHGE VALUES (13,40);
INSERT INTO CATEGORY_TRANSFER VALUES (13,'DROPOFF');
INSERT INTO DISPOSITION_TRANSFER VALUES(13,'HAPPY');
INSERT INTO TRANSFER VALUES (DEFAULT,'2021-08-06','17:44:47.757325650');
INSERT INTO ATTENDANCE VALUES (14,33);
INSERT INTO PARENT_XCHGE VALUES (14,40);
INSERT INTO CATEGORY_TRANSFER VALUES (14,'PICKUP');
INSERT INTO DISPOSITION_TRANSFER VALUES (14,EXHAUSTED');
INSERT INTO TRANSFER VALUES (DEFAULT,'2021-08-06','17:44:47.757442933');
INSERT INTO ATTENDANCE VALUES (15,75);
INSERT INTO PARENT_XCHGE VALUES (15,29);
INSERT INTO CATEGORY_TRANSFER VALUES (15,'DROPOFF');
INSERT INTO DISPOSITION_TRANSFER VALUES(15,'HAPPY');
INSERT INTO TRANSFER VALUES (DEFAULT,'2021-08-06','17:44:47.757442933');
INSERT INTO ATTENDANCE VALUES (16,75);
INSERT INTO PARENT_XCHGE VALUES (16,29);
INSERT INTO CATEGORY_TRANSFER VALUES (16,'PICKUP');
INSERT INTO DISPOSITION_TRANSFER VALUES (16,EXHAUSTED');
INSERT INTO TRANSFER VALUES (DEFAULT,'2021-08-06','17:44:47.757558791');
INSERT INTO ATTENDANCE VALUES (17,40);
INSERT INTO PARENT_XCHGE VALUES (17,27);
INSERT INTO CATEGORY_TRANSFER VALUES (17,'DROPOFF');
INSERT INTO DISPOSITION_TRANSFER VALUES(17,'HAPPY');
INSERT INTO TRANSFER VALUES (DEFAULT,'2021-08-06','17:44:47.757558791');
INSERT INTO ATTENDANCE VALUES (18,40);
INSERT INTO PARENT_XCHGE VALUES (18,27);
INSERT INTO CATEGORY_TRANSFER VALUES (18,'PICKUP');
INSERT INTO DISPOSITION_TRANSFER VALUES (18,EXHAUSTED');
INSERT INTO TRANSFER VALUES (DEFAULT,'2021-08-06','17:44:47.757679917');
INSERT INTO ATTENDANCE VALUES (19,86);
INSERT INTO PARENT_XCHGE VALUES (19,50);
INSERT INTO CATEGORY_TRANSFER VALUES (19,'DROPOFF');
INSERT INTO DISPOSITION_TRANSFER VALUES(19,'HAPPY');
INSERT INTO TRANSFER VALUES (DEFAULT,'2021-08-06','17:44:47.757679917');
INSERT INTO ATTENDANCE VALUES (20,86);
INSERT INTO PARENT_XCHGE VALUES (20,50);
INSERT INTO CATEGORY_TRANSFER VALUES (20,'PICKUP');
INSERT INTO DISPOSITION_TRANSFER VALUES (20,EXHAUSTED');
INSERT INTO TRANSFER VALUES (DEFAULT,'2021-08-06','17:44:47.757795382');
INSERT INTO ATTENDANCE VALUES (21,31);
INSERT INTO PARENT_XCHGE VALUES (21,12);
INSERT INTO CATEGORY_TRANSFER VALUES (21,'DROPOFF');
INSERT INTO DISPOSITION_TRANSFER VALUES(21,'HAPPY');
INSERT INTO TRANSFER VALUES (DEFAULT,'2021-08-06','17:44:47.757795382');
INSERT INTO ATTENDANCE VALUES (22,31);
INSERT INTO PARENT_XCHGE VALUES (22,12);
INSERT INTO CATEGORY_TRANSFER VALUES (22,'PICKUP');
INSERT INTO DISPOSITION_TRANSFER VALUES (22,EXHAUSTED');
INSERT INTO TRANSFER VALUES (DEFAULT,'2021-08-06','17:44:47.758027298');
INSERT INTO ATTENDANCE VALUES (23,12);
INSERT INTO PARENT_XCHGE VALUES (23,11);
INSERT INTO CATEGORY_TRANSFER VALUES (23,'DROPOFF');
INSERT INTO DISPOSITION_TRANSFER VALUES(23,'HAPPY');
INSERT INTO TRANSFER VALUES (DEFAULT,'2021-08-06','17:44:47.758027298');
INSERT INTO ATTENDANCE VALUES (24,12);
INSERT INTO PARENT_XCHGE VALUES (24,11);
INSERT INTO CATEGORY_TRANSFER VALUES (24,'PICKUP');
INSERT INTO DISPOSITION_TRANSFER VALUES (24,EXHAUSTED');
INSERT INTO TRANSFER VALUES (DEFAULT,'2021-08-06','17:44:47.758158216');
INSERT INTO ATTENDANCE VALUES (25,97);
INSERT INTO PARENT_XCHGE VALUES (25,9);
INSERT INTO CATEGORY_TRANSFER VALUES (25,'DROPOFF');
INSERT INTO DISPOSITION_TRANSFER VALUES(25,'HAPPY');
INSERT INTO TRANSFER VALUES (DEFAULT,'2021-08-06','17:44:47.758158216');
INSERT INTO ATTENDANCE VALUES (26,97);
INSERT INTO PARENT_XCHGE VALUES (26,9);
INSERT INTO CATEGORY_TRANSFER VALUES (26,'PICKUP');
INSERT INTO DISPOSITION_TRANSFER VALUES (26,EXHAUSTED');
INSERT INTO TRANSFER VALUES (DEFAULT,'2021-08-06','17:44:47.758283013');
INSERT INTO ATTENDANCE VALUES (27,19);
INSERT INTO PARENT_XCHGE VALUES (27,3);
INSERT INTO CATEGORY_TRANSFER VALUES (27,'DROPOFF');
INSERT INTO DISPOSITION_TRANSFER VALUES(27,'HAPPY');
INSERT INTO TRANSFER VALUES (DEFAULT,'2021-08-06','17:44:47.758283013');
INSERT INTO ATTENDANCE VALUES (28,19);
INSERT INTO PARENT_XCHGE VALUES (28,3);
INSERT INTO CATEGORY_TRANSFER VALUES (28,'PICKUP');
INSERT INTO DISPOSITION_TRANSFER VALUES (28,EXHAUSTED');
INSERT INTO TRANSFER VALUES (DEFAULT,'2021-08-06','17:44:47.758474502');
INSERT INTO ATTENDANCE VALUES (29,83);
INSERT INTO PARENT_XCHGE VALUES (29,14);
INSERT INTO CATEGORY_TRANSFER VALUES (29,'DROPOFF');
INSERT INTO DISPOSITION_TRANSFER VALUES(29,'HAPPY');
INSERT INTO TRANSFER VALUES (DEFAULT,'2021-08-06','17:44:47.758474502');
INSERT INTO ATTENDANCE VALUES (30,83);
INSERT INTO PARENT_XCHGE VALUES (30,14);
INSERT INTO CATEGORY_TRANSFER VALUES (30,'PICKUP');
INSERT INTO DISPOSITION_TRANSFER VALUES (30,EXHAUSTED');
INSERT INTO TRANSFER VALUES (DEFAULT,'2021-08-06','17:44:47.758597488');
INSERT INTO ATTENDANCE VALUES (31,80);
INSERT INTO PARENT_XCHGE VALUES (31,38);
INSERT INTO CATEGORY_TRANSFER VALUES (31,'DROPOFF');
INSERT INTO DISPOSITION_TRANSFER VALUES(31,'HAPPY');
INSERT INTO TRANSFER VALUES (DEFAULT,'2021-08-06','17:44:47.758597488');
INSERT INTO ATTENDANCE VALUES (32,80);
INSERT INTO PARENT_XCHGE VALUES (32,38);
INSERT INTO CATEGORY_TRANSFER VALUES (32,'PICKUP');
INSERT INTO DISPOSITION_TRANSFER VALUES (32,EXHAUSTED');
INSERT INTO TRANSFER VALUES (DEFAULT,'2021-08-06','17:44:47.758738803');
INSERT INTO ATTENDANCE VALUES (33,50);
INSERT INTO PARENT_XCHGE VALUES (33,31);
INSERT INTO CATEGORY_TRANSFER VALUES (33,'DROPOFF');
INSERT INTO DISPOSITION_TRANSFER VALUES(33,'HAPPY');
INSERT INTO TRANSFER VALUES (DEFAULT,'2021-08-06','17:44:47.758738803');
INSERT INTO ATTENDANCE VALUES (34,50);
INSERT INTO PARENT_XCHGE VALUES (34,31);
INSERT INTO CATEGORY_TRANSFER VALUES (34,'PICKUP');
INSERT INTO DISPOSITION_TRANSFER VALUES (34,EXHAUSTED');
INSERT INTO TRANSFER VALUES (DEFAULT,'2021-08-06','17:44:47.758853266');
INSERT INTO ATTENDANCE VALUES (35,27);
INSERT INTO PARENT_XCHGE VALUES (35,16);
INSERT INTO CATEGORY_TRANSFER VALUES (35,'DROPOFF');
INSERT INTO DISPOSITION_TRANSFER VALUES(35,'HAPPY');
INSERT INTO TRANSFER VALUES (DEFAULT,'2021-08-06','17:44:47.758853266');
INSERT INTO ATTENDANCE VALUES (36,27);
INSERT INTO PARENT_XCHGE VALUES (36,16);
INSERT INTO CATEGORY_TRANSFER VALUES (36,'PICKUP');
INSERT INTO DISPOSITION_TRANSFER VALUES (36,EXHAUSTED');
INSERT INTO TRANSFER VALUES (DEFAULT,'2021-08-06','17:44:47.758960015');
INSERT INTO ATTENDANCE VALUES (37,12);
INSERT INTO PARENT_XCHGE VALUES (37,11);
INSERT INTO CATEGORY_TRANSFER VALUES (37,'DROPOFF');
INSERT INTO DISPOSITION_TRANSFER VALUES(37,'HAPPY');
INSERT INTO TRANSFER VALUES (DEFAULT,'2021-08-06','17:44:47.758960015');
INSERT INTO ATTENDANCE VALUES (38,12);
INSERT INTO PARENT_XCHGE VALUES (38,11);
INSERT INTO CATEGORY_TRANSFER VALUES (38,'PICKUP');
INSERT INTO DISPOSITION_TRANSFER VALUES (38,EXHAUSTED');
INSERT INTO TRANSFER VALUES (DEFAULT,'2021-08-06','17:44:47.759071039');
INSERT INTO ATTENDANCE VALUES (39,18);
INSERT INTO PARENT_XCHGE VALUES (39,1);
INSERT INTO CATEGORY_TRANSFER VALUES (39,'DROPOFF');
INSERT INTO DISPOSITION_TRANSFER VALUES(39,'HAPPY');
INSERT INTO TRANSFER VALUES (DEFAULT,'2021-08-06','17:44:47.759071039');
INSERT INTO ATTENDANCE VALUES (40,18);
INSERT INTO PARENT_XCHGE VALUES (40,1);
INSERT INTO CATEGORY_TRANSFER VALUES (40,'PICKUP');
INSERT INTO DISPOSITION_TRANSFER VALUES (40,EXHAUSTED');
INSERT INTO TRANSFER VALUES (DEFAULT,'2021-08-06','17:44:47.759213577');
INSERT INTO ATTENDANCE VALUES (41,78);
INSERT INTO PARENT_XCHGE VALUES (41,15);
INSERT INTO CATEGORY_TRANSFER VALUES (41,'DROPOFF');
INSERT INTO DISPOSITION_TRANSFER VALUES(41,'HAPPY');
INSERT INTO TRANSFER VALUES (DEFAULT,'2021-08-06','17:44:47.759213577');
INSERT INTO ATTENDANCE VALUES (42,78);
INSERT INTO PARENT_XCHGE VALUES (42,15);
INSERT INTO CATEGORY_TRANSFER VALUES (42,'PICKUP');
INSERT INTO DISPOSITION_TRANSFER VALUES (42,EXHAUSTED');
INSERT INTO TRANSFER VALUES (DEFAULT,'2021-08-06','17:44:47.759342042');
INSERT INTO ATTENDANCE VALUES (43,90);
INSERT INTO PARENT_XCHGE VALUES (43,10);
INSERT INTO CATEGORY_TRANSFER VALUES (43,'DROPOFF');
INSERT INTO DISPOSITION_TRANSFER VALUES(43,'HAPPY');
INSERT INTO TRANSFER VALUES (DEFAULT,'2021-08-06','17:44:47.759342042');
INSERT INTO ATTENDANCE VALUES (44,90);
INSERT INTO PARENT_XCHGE VALUES (44,10);
INSERT INTO CATEGORY_TRANSFER VALUES (44,'PICKUP');
INSERT INTO DISPOSITION_TRANSFER VALUES (44,EXHAUSTED');
INSERT INTO TRANSFER VALUES (DEFAULT,'2021-08-06','17:44:47.759458466');
INSERT INTO ATTENDANCE VALUES (45,84);
INSERT INTO PARENT_XCHGE VALUES (45,4);
INSERT INTO CATEGORY_TRANSFER VALUES (45,'DROPOFF');
INSERT INTO DISPOSITION_TRANSFER VALUES(45,'HAPPY');
INSERT INTO TRANSFER VALUES (DEFAULT,'2021-08-06','17:44:47.759458466');
INSERT INTO ATTENDANCE VALUES (46,84);
INSERT INTO PARENT_XCHGE VALUES (46,4);
INSERT INTO CATEGORY_TRANSFER VALUES (46,'PICKUP');
INSERT INTO DISPOSITION_TRANSFER VALUES (46,EXHAUSTED');
INSERT INTO TRANSFER VALUES (DEFAULT,'2021-08-06','17:44:47.759567464');
INSERT INTO ATTENDANCE VALUES (47,53);
INSERT INTO PARENT_XCHGE VALUES (47,48);
INSERT INTO CATEGORY_TRANSFER VALUES (47,'DROPOFF');
INSERT INTO DISPOSITION_TRANSFER VALUES(47,'HAPPY');
INSERT INTO TRANSFER VALUES (DEFAULT,'2021-08-06','17:44:47.759567464');
INSERT INTO ATTENDANCE VALUES (48,53);
INSERT INTO PARENT_XCHGE VALUES (48,48);
INSERT INTO CATEGORY_TRANSFER VALUES (48,'PICKUP');
INSERT INTO DISPOSITION_TRANSFER VALUES (48,EXHAUSTED');
INSERT INTO TRANSFER VALUES (DEFAULT,'2021-08-06','17:44:47.759670890');
INSERT INTO ATTENDANCE VALUES (49,55);
INSERT INTO PARENT_XCHGE VALUES (49,43);
INSERT INTO CATEGORY_TRANSFER VALUES (49,'DROPOFF');
INSERT INTO DISPOSITION_TRANSFER VALUES(49,'HAPPY');
INSERT INTO TRANSFER VALUES (DEFAULT,'2021-08-06','17:44:47.759670890');
INSERT INTO ATTENDANCE VALUES (50,55);
INSERT INTO PARENT_XCHGE VALUES (50,43);
INSERT INTO CATEGORY_TRANSFER VALUES (50,'PICKUP');
INSERT INTO DISPOSITION_TRANSFER VALUES (50,EXHAUSTED');
INSERT INTO TRANSFER VALUES (DEFAULT,'2021-08-06','17:44:47.759775603');
INSERT INTO ATTENDANCE VALUES (51,33);
INSERT INTO PARENT_XCHGE VALUES (51,40);
INSERT INTO CATEGORY_TRANSFER VALUES (51,'DROPOFF');
INSERT INTO DISPOSITION_TRANSFER VALUES(51,'HAPPY');
INSERT INTO TRANSFER VALUES (DEFAULT,'2021-08-06','17:44:47.759775603');
INSERT INTO ATTENDANCE VALUES (52,33);
INSERT INTO PARENT_XCHGE VALUES (52,40);
INSERT INTO CATEGORY_TRANSFER VALUES (52,'PICKUP');
INSERT INTO DISPOSITION_TRANSFER VALUES (52,EXHAUSTED');
INSERT INTO TRANSFER VALUES (DEFAULT,'2021-08-06','17:44:47.759927498');
INSERT INTO ATTENDANCE VALUES (53,92);
INSERT INTO PARENT_XCHGE VALUES (53,23);
INSERT INTO CATEGORY_TRANSFER VALUES (53,'DROPOFF');
INSERT INTO DISPOSITION_TRANSFER VALUES(53,'HAPPY');
INSERT INTO TRANSFER VALUES (DEFAULT,'2021-08-06','17:44:47.759927498');
INSERT INTO ATTENDANCE VALUES (54,92);
INSERT INTO PARENT_XCHGE VALUES (54,23);
INSERT INTO CATEGORY_TRANSFER VALUES (54,'PICKUP');
INSERT INTO DISPOSITION_TRANSFER VALUES (54,EXHAUSTED');
INSERT INTO TRANSFER VALUES (DEFAULT,'2021-08-06','17:44:47.760121207');
INSERT INTO ATTENDANCE VALUES (55,53);
INSERT INTO PARENT_XCHGE VALUES (55,48);
INSERT INTO CATEGORY_TRANSFER VALUES (55,'DROPOFF');
INSERT INTO DISPOSITION_TRANSFER VALUES(55,'HAPPY');
INSERT INTO TRANSFER VALUES (DEFAULT,'2021-08-06','17:44:47.760121207');
INSERT INTO ATTENDANCE VALUES (56,53);
INSERT INTO PARENT_XCHGE VALUES (56,48);
INSERT INTO CATEGORY_TRANSFER VALUES (56,'PICKUP');
INSERT INTO DISPOSITION_TRANSFER VALUES (56,EXHAUSTED');
INSERT INTO TRANSFER VALUES (DEFAULT,'2021-08-06','17:44:47.760219247');
INSERT INTO ATTENDANCE VALUES (57,11);
INSERT INTO PARENT_XCHGE VALUES (57,26);
INSERT INTO CATEGORY_TRANSFER VALUES (57,'DROPOFF');
INSERT INTO DISPOSITION_TRANSFER VALUES(57,'HAPPY');
INSERT INTO TRANSFER VALUES (DEFAULT,'2021-08-06','17:44:47.760219247');
INSERT INTO ATTENDANCE VALUES (58,11);
INSERT INTO PARENT_XCHGE VALUES (58,26);
INSERT INTO CATEGORY_TRANSFER VALUES (58,'PICKUP');
INSERT INTO DISPOSITION_TRANSFER VALUES (58,EXHAUSTED');
INSERT INTO TRANSFER VALUES (DEFAULT,'2021-08-06','17:44:47.760384892');
INSERT INTO ATTENDANCE VALUES (59,69);
INSERT INTO PARENT_XCHGE VALUES (59,22);
INSERT INTO CATEGORY_TRANSFER VALUES (59,'DROPOFF');
INSERT INTO DISPOSITION_TRANSFER VALUES(59,'HAPPY');
INSERT INTO TRANSFER VALUES (DEFAULT,'2021-08-06','17:44:47.760384892');
INSERT INTO ATTENDANCE VALUES (60,69);
INSERT INTO PARENT_XCHGE VALUES (60,22);
INSERT INTO CATEGORY_TRANSFER VALUES (60,'PICKUP');
INSERT INTO DISPOSITION_TRANSFER VALUES (60,EXHAUSTED');
INSERT INTO TRANSFER VALUES (DEFAULT,'2021-08-06','17:44:47.760487870');
INSERT INTO ATTENDANCE VALUES (61,95);
INSERT INTO PARENT_XCHGE VALUES (61,24);
INSERT INTO CATEGORY_TRANSFER VALUES (61,'DROPOFF');
INSERT INTO DISPOSITION_TRANSFER VALUES(61,'HAPPY');
INSERT INTO TRANSFER VALUES (DEFAULT,'2021-08-06','17:44:47.760487870');
INSERT INTO ATTENDANCE VALUES (62,95);
INSERT INTO PARENT_XCHGE VALUES (62,24);
INSERT INTO CATEGORY_TRANSFER VALUES (62,'PICKUP');
INSERT INTO DISPOSITION_TRANSFER VALUES (62,EXHAUSTED');
INSERT INTO TRANSFER VALUES (DEFAULT,'2021-08-06','17:44:47.760595301');
INSERT INTO ATTENDANCE VALUES (63,38);
INSERT INTO PARENT_XCHGE VALUES (63,34);
INSERT INTO CATEGORY_TRANSFER VALUES (63,'DROPOFF');
INSERT INTO DISPOSITION_TRANSFER VALUES(63,'HAPPY');
INSERT INTO TRANSFER VALUES (DEFAULT,'2021-08-06','17:44:47.760595301');
INSERT INTO ATTENDANCE VALUES (64,38);
INSERT INTO PARENT_XCHGE VALUES (64,34);
INSERT INTO CATEGORY_TRANSFER VALUES (64,'PICKUP');
INSERT INTO DISPOSITION_TRANSFER VALUES (64,EXHAUSTED');
INSERT INTO TRANSFER VALUES (DEFAULT,'2021-08-06','17:44:47.760740710');
INSERT INTO ATTENDANCE VALUES (65,73);
INSERT INTO PARENT_XCHGE VALUES (65,46);
INSERT INTO CATEGORY_TRANSFER VALUES (65,'DROPOFF');
INSERT INTO DISPOSITION_TRANSFER VALUES(65,'HAPPY');
INSERT INTO TRANSFER VALUES (DEFAULT,'2021-08-06','17:44:47.760740710');
INSERT INTO ATTENDANCE VALUES (66,73);
INSERT INTO PARENT_XCHGE VALUES (66,46);
INSERT INTO CATEGORY_TRANSFER VALUES (66,'PICKUP');
INSERT INTO DISPOSITION_TRANSFER VALUES (66,EXHAUSTED');
INSERT INTO TRANSFER VALUES (DEFAULT,'2021-08-06','17:44:47.760835525');
INSERT INTO ATTENDANCE VALUES (67,78);
INSERT INTO PARENT_XCHGE VALUES (67,15);
INSERT INTO CATEGORY_TRANSFER VALUES (67,'DROPOFF');
INSERT INTO DISPOSITION_TRANSFER VALUES(67,'HAPPY');
INSERT INTO TRANSFER VALUES (DEFAULT,'2021-08-06','17:44:47.760835525');
INSERT INTO ATTENDANCE VALUES (68,78);
INSERT INTO PARENT_XCHGE VALUES (68,15);
INSERT INTO CATEGORY_TRANSFER VALUES (68,'PICKUP');
INSERT INTO DISPOSITION_TRANSFER VALUES (68,EXHAUSTED');
INSERT INTO TRANSFER VALUES (DEFAULT,'2021-08-06','17:44:47.760928274');
INSERT INTO ATTENDANCE VALUES (69,83);
INSERT INTO PARENT_XCHGE VALUES (69,14);
INSERT INTO CATEGORY_TRANSFER VALUES (69,'DROPOFF');
INSERT INTO DISPOSITION_TRANSFER VALUES(69,'HAPPY');
INSERT INTO TRANSFER VALUES (DEFAULT,'2021-08-06','17:44:47.760928274');
INSERT INTO ATTENDANCE VALUES (70,83);
INSERT INTO PARENT_XCHGE VALUES (70,14);
INSERT INTO CATEGORY_TRANSFER VALUES (70,'PICKUP');
INSERT INTO DISPOSITION_TRANSFER VALUES (70,EXHAUSTED');
INSERT INTO TRANSFER VALUES (DEFAULT,'2021-08-06','17:44:47.761011875');
INSERT INTO ATTENDANCE VALUES (71,38);
INSERT INTO PARENT_XCHGE VALUES (71,34);
INSERT INTO CATEGORY_TRANSFER VALUES (71,'DROPOFF');
INSERT INTO DISPOSITION_TRANSFER VALUES(71,'HAPPY');
INSERT INTO TRANSFER VALUES (DEFAULT,'2021-08-06','17:44:47.761011875');
INSERT INTO ATTENDANCE VALUES (72,38);
INSERT INTO PARENT_XCHGE VALUES (72,34);
INSERT INTO CATEGORY_TRANSFER VALUES (72,'PICKUP');
INSERT INTO DISPOSITION_TRANSFER VALUES (72,EXHAUSTED');
INSERT INTO TRANSFER VALUES (DEFAULT,'2021-08-06','17:44:47.761116365');
INSERT INTO ATTENDANCE VALUES (73,61);
INSERT INTO PARENT_XCHGE VALUES (73,22);
INSERT INTO CATEGORY_TRANSFER VALUES (73,'DROPOFF');
INSERT INTO DISPOSITION_TRANSFER VALUES(73,'HAPPY');
INSERT INTO TRANSFER VALUES (DEFAULT,'2021-08-06','17:44:47.761116365');
INSERT INTO ATTENDANCE VALUES (74,61);
INSERT INTO PARENT_XCHGE VALUES (74,22);
INSERT INTO CATEGORY_TRANSFER VALUES (74,'PICKUP');
INSERT INTO DISPOSITION_TRANSFER VALUES (74,EXHAUSTED');
INSERT INTO TRANSFER VALUES (DEFAULT,'2021-08-06','17:44:47.761202068');
INSERT INTO ATTENDANCE VALUES (75,43);
INSERT INTO PARENT_XCHGE VALUES (75,39);
INSERT INTO CATEGORY_TRANSFER VALUES (75,'DROPOFF');
INSERT INTO DISPOSITION_TRANSFER VALUES(75,'HAPPY');
INSERT INTO TRANSFER VALUES (DEFAULT,'2021-08-06','17:44:47.761202068');
INSERT INTO ATTENDANCE VALUES (76,43);
INSERT INTO PARENT_XCHGE VALUES (76,39);
INSERT INTO CATEGORY_TRANSFER VALUES (76,'PICKUP');
INSERT INTO DISPOSITION_TRANSFER VALUES (76,EXHAUSTED');
INSERT INTO TRANSFER VALUES (DEFAULT,'2021-08-06','17:44:47.761287984');
INSERT INTO ATTENDANCE VALUES (77,84);
INSERT INTO PARENT_XCHGE VALUES (77,4);
INSERT INTO CATEGORY_TRANSFER VALUES (77,'DROPOFF');
INSERT INTO DISPOSITION_TRANSFER VALUES(77,'HAPPY');
INSERT INTO TRANSFER VALUES (DEFAULT,'2021-08-06','17:44:47.761287984');
INSERT INTO ATTENDANCE VALUES (78,84);
INSERT INTO PARENT_XCHGE VALUES (78,4);
INSERT INTO CATEGORY_TRANSFER VALUES (78,'PICKUP');
INSERT INTO DISPOSITION_TRANSFER VALUES (78,EXHAUSTED');
INSERT INTO TRANSFER VALUES (DEFAULT,'2021-08-06','17:44:47.761369653');
INSERT INTO ATTENDANCE VALUES (79,87);
INSERT INTO PARENT_XCHGE VALUES (79,42);
INSERT INTO CATEGORY_TRANSFER VALUES (79,'DROPOFF');
INSERT INTO DISPOSITION_TRANSFER VALUES(79,'HAPPY');
INSERT INTO TRANSFER VALUES (DEFAULT,'2021-08-06','17:44:47.761369653');
INSERT INTO ATTENDANCE VALUES (80,87);
INSERT INTO PARENT_XCHGE VALUES (80,42);
INSERT INTO CATEGORY_TRANSFER VALUES (80,'PICKUP');
INSERT INTO DISPOSITION_TRANSFER VALUES (80,EXHAUSTED');
INSERT INTO TRANSFER VALUES (DEFAULT,'2021-08-06','17:44:47.761460523');
INSERT INTO ATTENDANCE VALUES (81,74);
INSERT INTO PARENT_XCHGE VALUES (81,17);
INSERT INTO CATEGORY_TRANSFER VALUES (81,'DROPOFF');
INSERT INTO DISPOSITION_TRANSFER VALUES(81,'HAPPY');
INSERT INTO TRANSFER VALUES (DEFAULT,'2021-08-06','17:44:47.761460523');
INSERT INTO ATTENDANCE VALUES (82,74);
INSERT INTO PARENT_XCHGE VALUES (82,17);
INSERT INTO CATEGORY_TRANSFER VALUES (82,'PICKUP');
INSERT INTO DISPOSITION_TRANSFER VALUES (82,EXHAUSTED');
INSERT INTO TRANSFER VALUES (DEFAULT,'2021-08-06','17:44:47.761538863');
INSERT INTO ATTENDANCE VALUES (83,92);
INSERT INTO PARENT_XCHGE VALUES (83,23);
INSERT INTO CATEGORY_TRANSFER VALUES (83,'DROPOFF');
INSERT INTO DISPOSITION_TRANSFER VALUES(83,'HAPPY');
INSERT INTO TRANSFER VALUES (DEFAULT,'2021-08-06','17:44:47.761538863');
INSERT INTO ATTENDANCE VALUES (84,92);
INSERT INTO PARENT_XCHGE VALUES (84,23);
INSERT INTO CATEGORY_TRANSFER VALUES (84,'PICKUP');
INSERT INTO DISPOSITION_TRANSFER VALUES (84,EXHAUSTED');
INSERT INTO TRANSFER VALUES (DEFAULT,'2021-08-06','17:44:47.761615167');
INSERT INTO ATTENDANCE VALUES (85,70);
INSERT INTO PARENT_XCHGE VALUES (85,24);
INSERT INTO CATEGORY_TRANSFER VALUES (85,'DROPOFF');
INSERT INTO DISPOSITION_TRANSFER VALUES(85,'HAPPY');
INSERT INTO TRANSFER VALUES (DEFAULT,'2021-08-06','17:44:47.761615167');
INSERT INTO ATTENDANCE VALUES (86,70);
INSERT INTO PARENT_XCHGE VALUES (86,24);
INSERT INTO CATEGORY_TRANSFER VALUES (86,'PICKUP');
INSERT INTO DISPOSITION_TRANSFER VALUES (86,EXHAUSTED');
INSERT INTO TRANSFER VALUES (DEFAULT,'2021-08-06','17:44:47.761685405');
INSERT INTO ATTENDANCE VALUES (87,58);
INSERT INTO PARENT_XCHGE VALUES (87,36);
INSERT INTO CATEGORY_TRANSFER VALUES (87,'DROPOFF');
INSERT INTO DISPOSITION_TRANSFER VALUES(87,'HAPPY');
INSERT INTO TRANSFER VALUES (DEFAULT,'2021-08-06','17:44:47.761685405');
INSERT INTO ATTENDANCE VALUES (88,58);
INSERT INTO PARENT_XCHGE VALUES (88,36);
INSERT INTO CATEGORY_TRANSFER VALUES (88,'PICKUP');
INSERT INTO DISPOSITION_TRANSFER VALUES (88,EXHAUSTED');
INSERT INTO TRANSFER VALUES (DEFAULT,'2021-08-06','17:44:47.761760523');
INSERT INTO ATTENDANCE VALUES (89,6);
INSERT INTO PARENT_XCHGE VALUES (89,43);
INSERT INTO CATEGORY_TRANSFER VALUES (89,'DROPOFF');
INSERT INTO DISPOSITION_TRANSFER VALUES(89,'HAPPY');
INSERT INTO TRANSFER VALUES (DEFAULT,'2021-08-06','17:44:47.761760523');
INSERT INTO ATTENDANCE VALUES (90,6);
INSERT INTO PARENT_XCHGE VALUES (90,43);
INSERT INTO CATEGORY_TRANSFER VALUES (90,'PICKUP');
INSERT INTO DISPOSITION_TRANSFER VALUES (90,EXHAUSTED');
INSERT INTO TRANSFER VALUES (DEFAULT,'2021-08-06','17:44:47.761884457');
INSERT INTO ATTENDANCE VALUES (91,71);
INSERT INTO PARENT_XCHGE VALUES (91,23);
INSERT INTO CATEGORY_TRANSFER VALUES (91,'DROPOFF');
INSERT INTO DISPOSITION_TRANSFER VALUES(91,'HAPPY');
INSERT INTO TRANSFER VALUES (DEFAULT,'2021-08-06','17:44:47.761884457');
INSERT INTO ATTENDANCE VALUES (92,71);
INSERT INTO PARENT_XCHGE VALUES (92,23);
INSERT INTO CATEGORY_TRANSFER VALUES (92,'PICKUP');
INSERT INTO DISPOSITION_TRANSFER VALUES (92,EXHAUSTED');
INSERT INTO TRANSFER VALUES (DEFAULT,'2021-08-06','17:44:47.761956340');
INSERT INTO ATTENDANCE VALUES (93,98);
INSERT INTO PARENT_XCHGE VALUES (93,49);
INSERT INTO CATEGORY_TRANSFER VALUES (93,'DROPOFF');
INSERT INTO DISPOSITION_TRANSFER VALUES(93,'HAPPY');
INSERT INTO TRANSFER VALUES (DEFAULT,'2021-08-06','17:44:47.761956340');
INSERT INTO ATTENDANCE VALUES (94,98);
INSERT INTO PARENT_XCHGE VALUES (94,49);
INSERT INTO CATEGORY_TRANSFER VALUES (94,'PICKUP');
INSERT INTO DISPOSITION_TRANSFER VALUES (94,EXHAUSTED');
INSERT INTO TRANSFER VALUES (DEFAULT,'2021-08-06','17:44:47.762032293');
INSERT INTO ATTENDANCE VALUES (95,33);
INSERT INTO PARENT_XCHGE VALUES (95,40);
INSERT INTO CATEGORY_TRANSFER VALUES (95,'DROPOFF');
INSERT INTO DISPOSITION_TRANSFER VALUES(95,'HAPPY');
INSERT INTO TRANSFER VALUES (DEFAULT,'2021-08-06','17:44:47.762032293');
INSERT INTO ATTENDANCE VALUES (96,33);
INSERT INTO PARENT_XCHGE VALUES (96,40);
INSERT INTO CATEGORY_TRANSFER VALUES (96,'PICKUP');
INSERT INTO DISPOSITION_TRANSFER VALUES (96,EXHAUSTED');
INSERT INTO TRANSFER VALUES (DEFAULT,'2021-08-06','17:44:47.762193415');
INSERT INTO ATTENDANCE VALUES (97,94);
INSERT INTO PARENT_XCHGE VALUES (97,38);
INSERT INTO CATEGORY_TRANSFER VALUES (97,'DROPOFF');
INSERT INTO DISPOSITION_TRANSFER VALUES(97,'HAPPY');
INSERT INTO TRANSFER VALUES (DEFAULT,'2021-08-06','17:44:47.762193415');
INSERT INTO ATTENDANCE VALUES (98,94);
INSERT INTO PARENT_XCHGE VALUES (98,38);
INSERT INTO CATEGORY_TRANSFER VALUES (98,'PICKUP');
INSERT INTO DISPOSITION_TRANSFER VALUES (98,EXHAUSTED');
INSERT INTO TRANSFER VALUES (DEFAULT,'2021-08-06','17:44:47.762329204');
INSERT INTO ATTENDANCE VALUES (99,69);
INSERT INTO PARENT_XCHGE VALUES (99,22);
INSERT INTO CATEGORY_TRANSFER VALUES (99,'DROPOFF');
INSERT INTO DISPOSITION_TRANSFER VALUES(99,'HAPPY');
INSERT INTO TRANSFER VALUES (DEFAULT,'2021-08-06','17:44:47.762329204');
INSERT INTO ATTENDANCE VALUES (100,69);
INSERT INTO PARENT_XCHGE VALUES (100,22);
INSERT INTO CATEGORY_TRANSFER VALUES (100,'PICKUP');
INSERT INTO DISPOSITION_TRANSFER VALUES (100,EXHAUSTED');
INSERT INTO TRANSFER VALUES (DEFAULT,'2021-08-06','17:44:47.762439659');
INSERT INTO ATTENDANCE VALUES (101,85);
INSERT INTO PARENT_XCHGE VALUES (101,5);
INSERT INTO CATEGORY_TRANSFER VALUES (101,'DROPOFF');
INSERT INTO DISPOSITION_TRANSFER VALUES(101,'HAPPY');
INSERT INTO TRANSFER VALUES (DEFAULT,'2021-08-06','17:44:47.762439659');
INSERT INTO ATTENDANCE VALUES (102,85);
INSERT INTO PARENT_XCHGE VALUES (102,5);
INSERT INTO CATEGORY_TRANSFER VALUES (102,'PICKUP');
INSERT INTO DISPOSITION_TRANSFER VALUES (102,EXHAUSTED');
INSERT INTO TRANSFER VALUES (DEFAULT,'2021-08-06','17:44:47.762504392');
INSERT INTO ATTENDANCE VALUES (103,97);
INSERT INTO PARENT_XCHGE VALUES (103,9);
INSERT INTO CATEGORY_TRANSFER VALUES (103,'DROPOFF');
INSERT INTO DISPOSITION_TRANSFER VALUES(103,'HAPPY');
INSERT INTO TRANSFER VALUES (DEFAULT,'2021-08-06','17:44:47.762504392');
INSERT INTO ATTENDANCE VALUES (104,97);
INSERT INTO PARENT_XCHGE VALUES (104,9);
INSERT INTO CATEGORY_TRANSFER VALUES (104,'PICKUP');
INSERT INTO DISPOSITION_TRANSFER VALUES (104,EXHAUSTED');
INSERT INTO TRANSFER VALUES (DEFAULT,'2021-08-06','17:44:47.762581342');
INSERT INTO ATTENDANCE VALUES (105,60);
INSERT INTO PARENT_XCHGE VALUES (105,15);
INSERT INTO CATEGORY_TRANSFER VALUES (105,'DROPOFF');
INSERT INTO DISPOSITION_TRANSFER VALUES(105,'HAPPY');
INSERT INTO TRANSFER VALUES (DEFAULT,'2021-08-06','17:44:47.762581342');
INSERT INTO ATTENDANCE VALUES (106,60);
INSERT INTO PARENT_XCHGE VALUES (106,15);
INSERT INTO CATEGORY_TRANSFER VALUES (106,'PICKUP');
INSERT INTO DISPOSITION_TRANSFER VALUES (106,EXHAUSTED');
INSERT INTO TRANSFER VALUES (DEFAULT,'2021-08-06','17:44:47.762640089');
INSERT INTO ATTENDANCE VALUES (107,17);
INSERT INTO PARENT_XCHGE VALUES (107,46);
INSERT INTO CATEGORY_TRANSFER VALUES (107,'DROPOFF');
INSERT INTO DISPOSITION_TRANSFER VALUES(107,'HAPPY');
INSERT INTO TRANSFER VALUES (DEFAULT,'2021-08-06','17:44:47.762640089');
INSERT INTO ATTENDANCE VALUES (108,17);
INSERT INTO PARENT_XCHGE VALUES (108,46);
INSERT INTO CATEGORY_TRANSFER VALUES (108,'PICKUP');
INSERT INTO DISPOSITION_TRANSFER VALUES (108,EXHAUSTED');
INSERT INTO TRANSFER VALUES (DEFAULT,'2021-08-06','17:44:47.762702607');
INSERT INTO ATTENDANCE VALUES (109,69);
INSERT INTO PARENT_XCHGE VALUES (109,22);
INSERT INTO CATEGORY_TRANSFER VALUES (109,'DROPOFF');
INSERT INTO DISPOSITION_TRANSFER VALUES(109,'HAPPY');
INSERT INTO TRANSFER VALUES (DEFAULT,'2021-08-06','17:44:47.762702607');
INSERT INTO ATTENDANCE VALUES (110,69);
INSERT INTO PARENT_XCHGE VALUES (110,22);
INSERT INTO CATEGORY_TRANSFER VALUES (110,'PICKUP');
INSERT INTO DISPOSITION_TRANSFER VALUES (110,EXHAUSTED');
INSERT INTO TRANSFER VALUES (DEFAULT,'2021-08-06','17:44:47.762756123');
INSERT INTO ATTENDANCE VALUES (111,90);
INSERT INTO PARENT_XCHGE VALUES (111,10);
INSERT INTO CATEGORY_TRANSFER VALUES (111,'DROPOFF');
INSERT INTO DISPOSITION_TRANSFER VALUES(111,'HAPPY');
INSERT INTO TRANSFER VALUES (DEFAULT,'2021-08-06','17:44:47.762756123');
INSERT INTO ATTENDANCE VALUES (112,90);
INSERT INTO PARENT_XCHGE VALUES (112,10);
INSERT INTO CATEGORY_TRANSFER VALUES (112,'PICKUP');
INSERT INTO DISPOSITION_TRANSFER VALUES (112,EXHAUSTED');
INSERT INTO TRANSFER VALUES (DEFAULT,'2021-08-06','17:44:47.762808951');
INSERT INTO ATTENDANCE VALUES (113,10);
INSERT INTO PARENT_XCHGE VALUES (113,50);
INSERT INTO CATEGORY_TRANSFER VALUES (113,'DROPOFF');
INSERT INTO DISPOSITION_TRANSFER VALUES(113,'HAPPY');
INSERT INTO TRANSFER VALUES (DEFAULT,'2021-08-06','17:44:47.762808951');
INSERT INTO ATTENDANCE VALUES (114,10);
INSERT INTO PARENT_XCHGE VALUES (114,50);
INSERT INTO CATEGORY_TRANSFER VALUES (114,'PICKUP');
INSERT INTO DISPOSITION_TRANSFER VALUES (114,EXHAUSTED');
INSERT INTO TRANSFER VALUES (DEFAULT,'2021-08-06','17:44:47.762871528');
INSERT INTO ATTENDANCE VALUES (115,78);
INSERT INTO PARENT_XCHGE VALUES (115,15);
INSERT INTO CATEGORY_TRANSFER VALUES (115,'DROPOFF');
INSERT INTO DISPOSITION_TRANSFER VALUES(115,'HAPPY');
INSERT INTO TRANSFER VALUES (DEFAULT,'2021-08-06','17:44:47.762871528');
INSERT INTO ATTENDANCE VALUES (116,78);
INSERT INTO PARENT_XCHGE VALUES (116,15);
INSERT INTO CATEGORY_TRANSFER VALUES (116,'PICKUP');
INSERT INTO DISPOSITION_TRANSFER VALUES (116,EXHAUSTED');
INSERT INTO TRANSFER VALUES (DEFAULT,'2021-08-06','17:44:47.762925097');
INSERT INTO ATTENDANCE VALUES (117,58);
INSERT INTO PARENT_XCHGE VALUES (117,36);
INSERT INTO CATEGORY_TRANSFER VALUES (117,'DROPOFF');
INSERT INTO DISPOSITION_TRANSFER VALUES(117,'HAPPY');
INSERT INTO TRANSFER VALUES (DEFAULT,'2021-08-06','17:44:47.762925097');
INSERT INTO ATTENDANCE VALUES (118,58);
INSERT INTO PARENT_XCHGE VALUES (118,36);
INSERT INTO CATEGORY_TRANSFER VALUES (118,'PICKUP');
INSERT INTO DISPOSITION_TRANSFER VALUES (118,EXHAUSTED');
INSERT INTO TRANSFER VALUES (DEFAULT,'2021-08-06','17:44:47.762979604');
INSERT INTO ATTENDANCE VALUES (119,49);
INSERT INTO PARENT_XCHGE VALUES (119,35);
INSERT INTO CATEGORY_TRANSFER VALUES (119,'DROPOFF');
INSERT INTO DISPOSITION_TRANSFER VALUES(119,'HAPPY');
INSERT INTO TRANSFER VALUES (DEFAULT,'2021-08-06','17:44:47.762979604');
INSERT INTO ATTENDANCE VALUES (120,49);
INSERT INTO PARENT_XCHGE VALUES (120,35);
INSERT INTO CATEGORY_TRANSFER VALUES (120,'PICKUP');
INSERT INTO DISPOSITION_TRANSFER VALUES (120,EXHAUSTED');
INSERT INTO TRANSFER VALUES (DEFAULT,'2021-08-06','17:44:47.763034935');
INSERT INTO ATTENDANCE VALUES (121,75);
INSERT INTO PARENT_XCHGE VALUES (121,29);
INSERT INTO CATEGORY_TRANSFER VALUES (121,'DROPOFF');
INSERT INTO DISPOSITION_TRANSFER VALUES(121,'HAPPY');
INSERT INTO TRANSFER VALUES (DEFAULT,'2021-08-06','17:44:47.763034935');
INSERT INTO ATTENDANCE VALUES (122,75);
INSERT INTO PARENT_XCHGE VALUES (122,29);
INSERT INTO CATEGORY_TRANSFER VALUES (122,'PICKUP');
INSERT INTO DISPOSITION_TRANSFER VALUES (122,EXHAUSTED');
INSERT INTO TRANSFER VALUES (DEFAULT,'2021-08-06','17:44:47.763144278');
INSERT INTO ATTENDANCE VALUES (123,45);
INSERT INTO PARENT_XCHGE VALUES (123,8);
INSERT INTO CATEGORY_TRANSFER VALUES (123,'DROPOFF');
INSERT INTO DISPOSITION_TRANSFER VALUES(123,'HAPPY');
INSERT INTO TRANSFER VALUES (DEFAULT,'2021-08-06','17:44:47.763144278');
INSERT INTO ATTENDANCE VALUES (124,45);
INSERT INTO PARENT_XCHGE VALUES (124,8);
INSERT INTO CATEGORY_TRANSFER VALUES (124,'PICKUP');
INSERT INTO DISPOSITION_TRANSFER VALUES (124,EXHAUSTED');
INSERT INTO TRANSFER VALUES (DEFAULT,'2021-08-06','17:44:47.763193081');
INSERT INTO ATTENDANCE VALUES (125,37);
INSERT INTO PARENT_XCHGE VALUES (125,20);
INSERT INTO CATEGORY_TRANSFER VALUES (125,'DROPOFF');
INSERT INTO DISPOSITION_TRANSFER VALUES(125,'HAPPY');
INSERT INTO TRANSFER VALUES (DEFAULT,'2021-08-06','17:44:47.763193081');
INSERT INTO ATTENDANCE VALUES (126,37);
INSERT INTO PARENT_XCHGE VALUES (126,20);
INSERT INTO CATEGORY_TRANSFER VALUES (126,'PICKUP');
INSERT INTO DISPOSITION_TRANSFER VALUES (126,EXHAUSTED');
INSERT INTO TRANSFER VALUES (DEFAULT,'2021-08-06','17:44:47.763243575');
INSERT INTO ATTENDANCE VALUES (127,72);
INSERT INTO PARENT_XCHGE VALUES (127,21);
INSERT INTO CATEGORY_TRANSFER VALUES (127,'DROPOFF');
INSERT INTO DISPOSITION_TRANSFER VALUES(127,'HAPPY');
INSERT INTO TRANSFER VALUES (DEFAULT,'2021-08-06','17:44:47.763243575');
INSERT INTO ATTENDANCE VALUES (128,72);
INSERT INTO PARENT_XCHGE VALUES (128,21);
INSERT INTO CATEGORY_TRANSFER VALUES (128,'PICKUP');
INSERT INTO DISPOSITION_TRANSFER VALUES (128,EXHAUSTED');
INSERT INTO TRANSFER VALUES (DEFAULT,'2021-08-06','17:44:47.763307223');
INSERT INTO ATTENDANCE VALUES (129,13);
INSERT INTO PARENT_XCHGE VALUES (129,44);
INSERT INTO CATEGORY_TRANSFER VALUES (129,'DROPOFF');
INSERT INTO DISPOSITION_TRANSFER VALUES(129,'HAPPY');
INSERT INTO TRANSFER VALUES (DEFAULT,'2021-08-06','17:44:47.763307223');
INSERT INTO ATTENDANCE VALUES (130,13);
INSERT INTO PARENT_XCHGE VALUES (130,44);
INSERT INTO CATEGORY_TRANSFER VALUES (130,'PICKUP');
INSERT INTO DISPOSITION_TRANSFER VALUES (130,EXHAUSTED');
INSERT INTO TRANSFER VALUES (DEFAULT,'2021-08-06','17:44:47.763358122');
INSERT INTO ATTENDANCE VALUES (131,68);
INSERT INTO PARENT_XCHGE VALUES (131,49);
INSERT INTO CATEGORY_TRANSFER VALUES (131,'DROPOFF');
INSERT INTO DISPOSITION_TRANSFER VALUES(131,'HAPPY');
INSERT INTO TRANSFER VALUES (DEFAULT,'2021-08-06','17:44:47.763358122');
INSERT INTO ATTENDANCE VALUES (132,68);
INSERT INTO PARENT_XCHGE VALUES (132,49);
INSERT INTO CATEGORY_TRANSFER VALUES (132,'PICKUP');
INSERT INTO DISPOSITION_TRANSFER VALUES (132,EXHAUSTED');
INSERT INTO TRANSFER VALUES (DEFAULT,'2021-08-06','17:44:47.763407304');
INSERT INTO ATTENDANCE VALUES (133,23);
INSERT INTO PARENT_XCHGE VALUES (133,13);
INSERT INTO CATEGORY_TRANSFER VALUES (133,'DROPOFF');
INSERT INTO DISPOSITION_TRANSFER VALUES(133,'HAPPY');
INSERT INTO TRANSFER VALUES (DEFAULT,'2021-08-06','17:44:47.763407304');
INSERT INTO ATTENDANCE VALUES (134,23);
INSERT INTO PARENT_XCHGE VALUES (134,13);
INSERT INTO CATEGORY_TRANSFER VALUES (134,'PICKUP');
INSERT INTO DISPOSITION_TRANSFER VALUES (134,EXHAUSTED');
INSERT INTO TRANSFER VALUES (DEFAULT,'2021-08-06','17:44:47.763456093');
INSERT INTO ATTENDANCE VALUES (135,43);
INSERT INTO PARENT_XCHGE VALUES (135,39);
INSERT INTO CATEGORY_TRANSFER VALUES (135,'DROPOFF');
INSERT INTO DISPOSITION_TRANSFER VALUES(135,'HAPPY');
INSERT INTO TRANSFER VALUES (DEFAULT,'2021-08-06','17:44:47.763456093');
INSERT INTO ATTENDANCE VALUES (136,43);
INSERT INTO PARENT_XCHGE VALUES (136,39);
INSERT INTO CATEGORY_TRANSFER VALUES (136,'PICKUP');
INSERT INTO DISPOSITION_TRANSFER VALUES (136,EXHAUSTED');
INSERT INTO TRANSFER VALUES (DEFAULT,'2021-08-06','17:44:47.763504884');
INSERT INTO ATTENDANCE VALUES (137,89);
INSERT INTO PARENT_XCHGE VALUES (137,36);
INSERT INTO CATEGORY_TRANSFER VALUES (137,'DROPOFF');
INSERT INTO DISPOSITION_TRANSFER VALUES(137,'HAPPY');
INSERT INTO TRANSFER VALUES (DEFAULT,'2021-08-06','17:44:47.763504884');
INSERT INTO ATTENDANCE VALUES (138,89);
INSERT INTO PARENT_XCHGE VALUES (138,36);
INSERT INTO CATEGORY_TRANSFER VALUES (138,'PICKUP');
INSERT INTO DISPOSITION_TRANSFER VALUES (138,EXHAUSTED');
INSERT INTO TRANSFER VALUES (DEFAULT,'2021-08-06','17:44:47.763552559');
INSERT INTO ATTENDANCE VALUES (139,71);
INSERT INTO PARENT_XCHGE VALUES (139,23);
INSERT INTO CATEGORY_TRANSFER VALUES (139,'DROPOFF');
INSERT INTO DISPOSITION_TRANSFER VALUES(139,'HAPPY');
INSERT INTO TRANSFER VALUES (DEFAULT,'2021-08-06','17:44:47.763552559');
INSERT INTO ATTENDANCE VALUES (140,71);
INSERT INTO PARENT_XCHGE VALUES (140,23);
INSERT INTO CATEGORY_TRANSFER VALUES (140,'PICKUP');
INSERT INTO DISPOSITION_TRANSFER VALUES (140,EXHAUSTED');
INSERT INTO TRANSFER VALUES (DEFAULT,'2021-08-06','17:44:47.763618040');
INSERT INTO ATTENDANCE VALUES (141,40);
INSERT INTO PARENT_XCHGE VALUES (141,27);
INSERT INTO CATEGORY_TRANSFER VALUES (141,'DROPOFF');
INSERT INTO DISPOSITION_TRANSFER VALUES(141,'HAPPY');
INSERT INTO TRANSFER VALUES (DEFAULT,'2021-08-06','17:44:47.763618040');
INSERT INTO ATTENDANCE VALUES (142,40);
INSERT INTO PARENT_XCHGE VALUES (142,27);
INSERT INTO CATEGORY_TRANSFER VALUES (142,'PICKUP');
INSERT INTO DISPOSITION_TRANSFER VALUES (142,EXHAUSTED');
INSERT INTO TRANSFER VALUES (DEFAULT,'2021-08-06','17:44:47.763742190');
INSERT INTO ATTENDANCE VALUES (143,51);
INSERT INTO PARENT_XCHGE VALUES (143,42);
INSERT INTO CATEGORY_TRANSFER VALUES (143,'DROPOFF');
INSERT INTO DISPOSITION_TRANSFER VALUES(143,'HAPPY');
INSERT INTO TRANSFER VALUES (DEFAULT,'2021-08-06','17:44:47.763742190');
INSERT INTO ATTENDANCE VALUES (144,51);
INSERT INTO PARENT_XCHGE VALUES (144,42);
INSERT INTO CATEGORY_TRANSFER VALUES (144,'PICKUP');
INSERT INTO DISPOSITION_TRANSFER VALUES (144,EXHAUSTED');
INSERT INTO TRANSFER VALUES (DEFAULT,'2021-08-06','17:44:47.763802651');
INSERT INTO ATTENDANCE VALUES (145,84);
INSERT INTO PARENT_XCHGE VALUES (145,4);
INSERT INTO CATEGORY_TRANSFER VALUES (145,'DROPOFF');
INSERT INTO DISPOSITION_TRANSFER VALUES(145,'HAPPY');
INSERT INTO TRANSFER VALUES (DEFAULT,'2021-08-06','17:44:47.763802651');
INSERT INTO ATTENDANCE VALUES (146,84);
INSERT INTO PARENT_XCHGE VALUES (146,4);
INSERT INTO CATEGORY_TRANSFER VALUES (146,'PICKUP');
INSERT INTO DISPOSITION_TRANSFER VALUES (146,EXHAUSTED');
INSERT INTO TRANSFER VALUES (DEFAULT,'2021-08-06','17:44:47.763849224');
INSERT INTO ATTENDANCE VALUES (147,74);
INSERT INTO PARENT_XCHGE VALUES (147,17);
INSERT INTO CATEGORY_TRANSFER VALUES (147,'DROPOFF');
INSERT INTO DISPOSITION_TRANSFER VALUES(147,'HAPPY');
INSERT INTO TRANSFER VALUES (DEFAULT,'2021-08-06','17:44:47.763849224');
INSERT INTO ATTENDANCE VALUES (148,74);
INSERT INTO PARENT_XCHGE VALUES (148,17);
INSERT INTO CATEGORY_TRANSFER VALUES (148,'PICKUP');
INSERT INTO DISPOSITION_TRANSFER VALUES (148,EXHAUSTED');
INSERT INTO TRANSFER VALUES (DEFAULT,'2021-08-06','17:44:47.763907952');
INSERT INTO ATTENDANCE VALUES (149,13);
INSERT INTO PARENT_XCHGE VALUES (149,44);
INSERT INTO CATEGORY_TRANSFER VALUES (149,'DROPOFF');
INSERT INTO DISPOSITION_TRANSFER VALUES(149,'HAPPY');
INSERT INTO TRANSFER VALUES (DEFAULT,'2021-08-06','17:44:47.763907952');
INSERT INTO ATTENDANCE VALUES (150,13);
INSERT INTO PARENT_XCHGE VALUES (150,44);
INSERT INTO CATEGORY_TRANSFER VALUES (150,'PICKUP');
INSERT INTO DISPOSITION_TRANSFER VALUES (150,EXHAUSTED');
INSERT INTO TRANSFER VALUES (DEFAULT,'2021-08-06','17:44:47.763955274');
INSERT INTO ATTENDANCE VALUES (151,51);
INSERT INTO PARENT_XCHGE VALUES (151,42);
INSERT INTO CATEGORY_TRANSFER VALUES (151,'DROPOFF');
INSERT INTO DISPOSITION_TRANSFER VALUES(151,'HAPPY');
INSERT INTO TRANSFER VALUES (DEFAULT,'2021-08-06','17:44:47.763955274');
INSERT INTO ATTENDANCE VALUES (152,51);
INSERT INTO PARENT_XCHGE VALUES (152,42);
INSERT INTO CATEGORY_TRANSFER VALUES (152,'PICKUP');
INSERT INTO DISPOSITION_TRANSFER VALUES (152,EXHAUSTED');
INSERT INTO TRANSFER VALUES (DEFAULT,'2021-08-06','17:44:47.764048730');
INSERT INTO ATTENDANCE VALUES (153,2);
INSERT INTO PARENT_XCHGE VALUES (153,47);
INSERT INTO CATEGORY_TRANSFER VALUES (153,'DROPOFF');
INSERT INTO DISPOSITION_TRANSFER VALUES(153,'HAPPY');
INSERT INTO TRANSFER VALUES (DEFAULT,'2021-08-06','17:44:47.764048730');
INSERT INTO ATTENDANCE VALUES (154,2);
INSERT INTO PARENT_XCHGE VALUES (154,47);
INSERT INTO CATEGORY_TRANSFER VALUES (154,'PICKUP');
INSERT INTO DISPOSITION_TRANSFER VALUES (154,EXHAUSTED');
INSERT INTO TRANSFER VALUES (DEFAULT,'2021-08-06','17:44:47.764093921');
INSERT INTO ATTENDANCE VALUES (155,33);
INSERT INTO PARENT_XCHGE VALUES (155,40);
INSERT INTO CATEGORY_TRANSFER VALUES (155,'DROPOFF');
INSERT INTO DISPOSITION_TRANSFER VALUES(155,'HAPPY');
INSERT INTO TRANSFER VALUES (DEFAULT,'2021-08-06','17:44:47.764093921');
INSERT INTO ATTENDANCE VALUES (156,33);
INSERT INTO PARENT_XCHGE VALUES (156,40);
INSERT INTO CATEGORY_TRANSFER VALUES (156,'PICKUP');
INSERT INTO DISPOSITION_TRANSFER VALUES (156,EXHAUSTED');
INSERT INTO TRANSFER VALUES (DEFAULT,'2021-08-06','17:44:47.764149779');
INSERT INTO ATTENDANCE VALUES (157,9);
INSERT INTO PARENT_XCHGE VALUES (157,20);
INSERT INTO CATEGORY_TRANSFER VALUES (157,'DROPOFF');
INSERT INTO DISPOSITION_TRANSFER VALUES(157,'HAPPY');
INSERT INTO TRANSFER VALUES (DEFAULT,'2021-08-06','17:44:47.764149779');
INSERT INTO ATTENDANCE VALUES (158,9);
INSERT INTO PARENT_XCHGE VALUES (158,20);
INSERT INTO CATEGORY_TRANSFER VALUES (158,'PICKUP');
INSERT INTO DISPOSITION_TRANSFER VALUES (158,EXHAUSTED');
INSERT INTO TRANSFER VALUES (DEFAULT,'2021-08-06','17:44:47.764195843');
INSERT INTO ATTENDANCE VALUES (159,40);
INSERT INTO PARENT_XCHGE VALUES (159,27);
INSERT INTO CATEGORY_TRANSFER VALUES (159,'DROPOFF');
INSERT INTO DISPOSITION_TRANSFER VALUES(159,'HAPPY');
INSERT INTO TRANSFER VALUES (DEFAULT,'2021-08-06','17:44:47.764195843');
INSERT INTO ATTENDANCE VALUES (160,40);
INSERT INTO PARENT_XCHGE VALUES (160,27);
INSERT INTO CATEGORY_TRANSFER VALUES (160,'PICKUP');
INSERT INTO DISPOSITION_TRANSFER VALUES (160,EXHAUSTED');
INSERT INTO TRANSFER VALUES (DEFAULT,'2021-08-06','17:44:47.764239229');
INSERT INTO ATTENDANCE VALUES (161,53);
INSERT INTO PARENT_XCHGE VALUES (161,48);
INSERT INTO CATEGORY_TRANSFER VALUES (161,'DROPOFF');
INSERT INTO DISPOSITION_TRANSFER VALUES(161,'HAPPY');
INSERT INTO TRANSFER VALUES (DEFAULT,'2021-08-06','17:44:47.764239229');
INSERT INTO ATTENDANCE VALUES (162,53);
INSERT INTO PARENT_XCHGE VALUES (162,48);
INSERT INTO CATEGORY_TRANSFER VALUES (162,'PICKUP');
INSERT INTO DISPOSITION_TRANSFER VALUES (162,EXHAUSTED');
INSERT INTO TRANSFER VALUES (DEFAULT,'2021-08-06','17:44:47.764281168');
INSERT INTO ATTENDANCE VALUES (163,96);
INSERT INTO PARENT_XCHGE VALUES (163,45);
INSERT INTO CATEGORY_TRANSFER VALUES (163,'DROPOFF');
INSERT INTO DISPOSITION_TRANSFER VALUES(163,'HAPPY');
INSERT INTO TRANSFER VALUES (DEFAULT,'2021-08-06','17:44:47.764281168');
INSERT INTO ATTENDANCE VALUES (164,96);
INSERT INTO PARENT_XCHGE VALUES (164,45);
INSERT INTO CATEGORY_TRANSFER VALUES (164,'PICKUP');
INSERT INTO DISPOSITION_TRANSFER VALUES (164,EXHAUSTED');
INSERT INTO TRANSFER VALUES (DEFAULT,'2021-08-06','17:44:47.764323582');
INSERT INTO ATTENDANCE VALUES (165,34);
INSERT INTO PARENT_XCHGE VALUES (165,32);
INSERT INTO CATEGORY_TRANSFER VALUES (165,'DROPOFF');
INSERT INTO DISPOSITION_TRANSFER VALUES(165,'HAPPY');
INSERT INTO TRANSFER VALUES (DEFAULT,'2021-08-06','17:44:47.764323582');
INSERT INTO ATTENDANCE VALUES (166,34);
INSERT INTO PARENT_XCHGE VALUES (166,32);
INSERT INTO CATEGORY_TRANSFER VALUES (166,'PICKUP');
INSERT INTO DISPOSITION_TRANSFER VALUES (166,EXHAUSTED');
INSERT INTO TRANSFER VALUES (DEFAULT,'2021-08-06','17:44:47.764364249');
INSERT INTO ATTENDANCE VALUES (167,58);
INSERT INTO PARENT_XCHGE VALUES (167,36);
INSERT INTO CATEGORY_TRANSFER VALUES (167,'DROPOFF');
INSERT INTO DISPOSITION_TRANSFER VALUES(167,'HAPPY');
INSERT INTO TRANSFER VALUES (DEFAULT,'2021-08-06','17:44:47.764364249');
INSERT INTO ATTENDANCE VALUES (168,58);
INSERT INTO PARENT_XCHGE VALUES (168,36);
INSERT INTO CATEGORY_TRANSFER VALUES (168,'PICKUP');
INSERT INTO DISPOSITION_TRANSFER VALUES (168,EXHAUSTED');
INSERT INTO TRANSFER VALUES (DEFAULT,'2021-08-06','17:44:47.764406568');
INSERT INTO ATTENDANCE VALUES (169,99);
INSERT INTO PARENT_XCHGE VALUES (169,13);
INSERT INTO CATEGORY_TRANSFER VALUES (169,'DROPOFF');
INSERT INTO DISPOSITION_TRANSFER VALUES(169,'HAPPY');
INSERT INTO TRANSFER VALUES (DEFAULT,'2021-08-06','17:44:47.764406568');
INSERT INTO ATTENDANCE VALUES (170,99);
INSERT INTO PARENT_XCHGE VALUES (170,13);
INSERT INTO CATEGORY_TRANSFER VALUES (170,'PICKUP');
INSERT INTO DISPOSITION_TRANSFER VALUES (170,EXHAUSTED');
INSERT INTO TRANSFER VALUES (DEFAULT,'2021-08-06','17:44:47.764448681');
INSERT INTO ATTENDANCE VALUES (171,98);
INSERT INTO PARENT_XCHGE VALUES (171,49);
INSERT INTO CATEGORY_TRANSFER VALUES (171,'DROPOFF');
INSERT INTO DISPOSITION_TRANSFER VALUES(171,'HAPPY');
INSERT INTO TRANSFER VALUES (DEFAULT,'2021-08-06','17:44:47.764448681');
INSERT INTO ATTENDANCE VALUES (172,98);
INSERT INTO PARENT_XCHGE VALUES (172,49);
INSERT INTO CATEGORY_TRANSFER VALUES (172,'PICKUP');
INSERT INTO DISPOSITION_TRANSFER VALUES (172,EXHAUSTED');
INSERT INTO TRANSFER VALUES (DEFAULT,'2021-08-06','17:44:47.764495178');
INSERT INTO ATTENDANCE VALUES (173,73);
INSERT INTO PARENT_XCHGE VALUES (173,46);
INSERT INTO CATEGORY_TRANSFER VALUES (173,'DROPOFF');
INSERT INTO DISPOSITION_TRANSFER VALUES(173,'HAPPY');
INSERT INTO TRANSFER VALUES (DEFAULT,'2021-08-06','17:44:47.764495178');
INSERT INTO ATTENDANCE VALUES (174,73);
INSERT INTO PARENT_XCHGE VALUES (174,46);
INSERT INTO CATEGORY_TRANSFER VALUES (174,'PICKUP');
INSERT INTO DISPOSITION_TRANSFER VALUES (174,EXHAUSTED');
INSERT INTO TRANSFER VALUES (DEFAULT,'2021-08-06','17:44:47.764561584');
INSERT INTO ATTENDANCE VALUES (175,41);
INSERT INTO PARENT_XCHGE VALUES (175,34);
INSERT INTO CATEGORY_TRANSFER VALUES (175,'DROPOFF');
INSERT INTO DISPOSITION_TRANSFER VALUES(175,'HAPPY');
INSERT INTO TRANSFER VALUES (DEFAULT,'2021-08-06','17:44:47.764561584');
INSERT INTO ATTENDANCE VALUES (176,41);
INSERT INTO PARENT_XCHGE VALUES (176,34);
INSERT INTO CATEGORY_TRANSFER VALUES (176,'PICKUP');
INSERT INTO DISPOSITION_TRANSFER VALUES (176,EXHAUSTED');
INSERT INTO TRANSFER VALUES (DEFAULT,'2021-08-06','17:44:47.764605991');
INSERT INTO ATTENDANCE VALUES (177,93);
INSERT INTO PARENT_XCHGE VALUES (177,31);
INSERT INTO CATEGORY_TRANSFER VALUES (177,'DROPOFF');
INSERT INTO DISPOSITION_TRANSFER VALUES(177,'HAPPY');
INSERT INTO TRANSFER VALUES (DEFAULT,'2021-08-06','17:44:47.764605991');
INSERT INTO ATTENDANCE VALUES (178,93);
INSERT INTO PARENT_XCHGE VALUES (178,31);
INSERT INTO CATEGORY_TRANSFER VALUES (178,'PICKUP');
INSERT INTO DISPOSITION_TRANSFER VALUES (178,EXHAUSTED');
INSERT INTO TRANSFER VALUES (DEFAULT,'2021-08-06','17:44:47.764648312');
INSERT INTO ATTENDANCE VALUES (179,20);
INSERT INTO PARENT_XCHGE VALUES (179,47);
INSERT INTO CATEGORY_TRANSFER VALUES (179,'DROPOFF');
INSERT INTO DISPOSITION_TRANSFER VALUES(179,'HAPPY');
INSERT INTO TRANSFER VALUES (DEFAULT,'2021-08-06','17:44:47.764648312');
INSERT INTO ATTENDANCE VALUES (180,20);
INSERT INTO PARENT_XCHGE VALUES (180,47);
INSERT INTO CATEGORY_TRANSFER VALUES (180,'PICKUP');
INSERT INTO DISPOSITION_TRANSFER VALUES (180,EXHAUSTED');
INSERT INTO TRANSFER VALUES (DEFAULT,'2021-08-06','17:44:47.764690350');
INSERT INTO ATTENDANCE VALUES (181,72);
INSERT INTO PARENT_XCHGE VALUES (181,21);
INSERT INTO CATEGORY_TRANSFER VALUES (181,'DROPOFF');
INSERT INTO DISPOSITION_TRANSFER VALUES(181,'HAPPY');
INSERT INTO TRANSFER VALUES (DEFAULT,'2021-08-06','17:44:47.764690350');
INSERT INTO ATTENDANCE VALUES (182,72);
INSERT INTO PARENT_XCHGE VALUES (182,21);
INSERT INTO CATEGORY_TRANSFER VALUES (182,'PICKUP');
INSERT INTO DISPOSITION_TRANSFER VALUES (182,EXHAUSTED');
INSERT INTO TRANSFER VALUES (DEFAULT,'2021-08-06','17:44:47.764732868');
INSERT INTO ATTENDANCE VALUES (183,30);
INSERT INTO PARENT_XCHGE VALUES (183,6);
INSERT INTO CATEGORY_TRANSFER VALUES (183,'DROPOFF');
INSERT INTO DISPOSITION_TRANSFER VALUES(183,'HAPPY');
INSERT INTO TRANSFER VALUES (DEFAULT,'2021-08-06','17:44:47.764732868');
INSERT INTO ATTENDANCE VALUES (184,30);
INSERT INTO PARENT_XCHGE VALUES (184,6);
INSERT INTO CATEGORY_TRANSFER VALUES (184,'PICKUP');
INSERT INTO DISPOSITION_TRANSFER VALUES (184,EXHAUSTED');
INSERT INTO TRANSFER VALUES (DEFAULT,'2021-08-06','17:44:47.764925534');
INSERT INTO ATTENDANCE VALUES (185,34);
INSERT INTO PARENT_XCHGE VALUES (185,32);
INSERT INTO CATEGORY_TRANSFER VALUES (185,'DROPOFF');
INSERT INTO DISPOSITION_TRANSFER VALUES(185,'HAPPY');
INSERT INTO TRANSFER VALUES (DEFAULT,'2021-08-06','17:44:47.764925534');
INSERT INTO ATTENDANCE VALUES (186,34);
INSERT INTO PARENT_XCHGE VALUES (186,32);
INSERT INTO CATEGORY_TRANSFER VALUES (186,'PICKUP');
INSERT INTO DISPOSITION_TRANSFER VALUES (186,EXHAUSTED');
INSERT INTO TRANSFER VALUES (DEFAULT,'2021-08-06','17:44:47.764970191');
INSERT INTO ATTENDANCE VALUES (187,72);
INSERT INTO PARENT_XCHGE VALUES (187,21);
INSERT INTO CATEGORY_TRANSFER VALUES (187,'DROPOFF');
INSERT INTO DISPOSITION_TRANSFER VALUES(187,'HAPPY');
INSERT INTO TRANSFER VALUES (DEFAULT,'2021-08-06','17:44:47.764970191');
INSERT INTO ATTENDANCE VALUES (188,72);
INSERT INTO PARENT_XCHGE VALUES (188,21);
INSERT INTO CATEGORY_TRANSFER VALUES (188,'PICKUP');
INSERT INTO DISPOSITION_TRANSFER VALUES (188,EXHAUSTED');
INSERT INTO TRANSFER VALUES (DEFAULT,'2021-08-06','17:44:47.765013437');
INSERT INTO ATTENDANCE VALUES (189,54);
INSERT INTO PARENT_XCHGE VALUES (189,32);
INSERT INTO CATEGORY_TRANSFER VALUES (189,'DROPOFF');
INSERT INTO DISPOSITION_TRANSFER VALUES(189,'HAPPY');
INSERT INTO TRANSFER VALUES (DEFAULT,'2021-08-06','17:44:47.765013437');
INSERT INTO ATTENDANCE VALUES (190,54);
INSERT INTO PARENT_XCHGE VALUES (190,32);
INSERT INTO CATEGORY_TRANSFER VALUES (190,'PICKUP');
INSERT INTO DISPOSITION_TRANSFER VALUES (190,EXHAUSTED');
INSERT INTO TRANSFER VALUES (DEFAULT,'2021-08-06','17:44:47.765062852');
INSERT INTO ATTENDANCE VALUES (191,58);
INSERT INTO PARENT_XCHGE VALUES (191,36);
INSERT INTO CATEGORY_TRANSFER VALUES (191,'DROPOFF');
INSERT INTO DISPOSITION_TRANSFER VALUES(191,'HAPPY');
INSERT INTO TRANSFER VALUES (DEFAULT,'2021-08-06','17:44:47.765062852');
INSERT INTO ATTENDANCE VALUES (192,58);
INSERT INTO PARENT_XCHGE VALUES (192,36);
INSERT INTO CATEGORY_TRANSFER VALUES (192,'PICKUP');
INSERT INTO DISPOSITION_TRANSFER VALUES (192,EXHAUSTED');
INSERT INTO TRANSFER VALUES (DEFAULT,'2021-08-06','17:44:47.765108120');
INSERT INTO ATTENDANCE VALUES (193,8);
INSERT INTO PARENT_XCHGE VALUES (193,41);
INSERT INTO CATEGORY_TRANSFER VALUES (193,'DROPOFF');
INSERT INTO DISPOSITION_TRANSFER VALUES(193,'HAPPY');
INSERT INTO TRANSFER VALUES (DEFAULT,'2021-08-06','17:44:47.765108120');
INSERT INTO ATTENDANCE VALUES (194,8);
INSERT INTO PARENT_XCHGE VALUES (194,41);
INSERT INTO CATEGORY_TRANSFER VALUES (194,'PICKUP');
INSERT INTO DISPOSITION_TRANSFER VALUES (194,EXHAUSTED');
INSERT INTO TRANSFER VALUES (DEFAULT,'2021-08-06','17:44:47.765157423');
INSERT INTO ATTENDANCE VALUES (195,21);
INSERT INTO PARENT_XCHGE VALUES (195,45);
INSERT INTO CATEGORY_TRANSFER VALUES (195,'DROPOFF');
INSERT INTO DISPOSITION_TRANSFER VALUES(195,'HAPPY');
INSERT INTO TRANSFER VALUES (DEFAULT,'2021-08-06','17:44:47.765157423');
INSERT INTO ATTENDANCE VALUES (196,21);
INSERT INTO PARENT_XCHGE VALUES (196,45);
INSERT INTO CATEGORY_TRANSFER VALUES (196,'PICKUP');
INSERT INTO DISPOSITION_TRANSFER VALUES (196,EXHAUSTED');
INSERT INTO TRANSFER VALUES (DEFAULT,'2021-08-06','17:44:47.765203138');
INSERT INTO ATTENDANCE VALUES (197,65);
INSERT INTO PARENT_XCHGE VALUES (197,33);
INSERT INTO CATEGORY_TRANSFER VALUES (197,'DROPOFF');
INSERT INTO DISPOSITION_TRANSFER VALUES(197,'HAPPY');
INSERT INTO TRANSFER VALUES (DEFAULT,'2021-08-06','17:44:47.765203138');
INSERT INTO ATTENDANCE VALUES (198,65);
INSERT INTO PARENT_XCHGE VALUES (198,33);
INSERT INTO CATEGORY_TRANSFER VALUES (198,'PICKUP');
INSERT INTO DISPOSITION_TRANSFER VALUES (198,EXHAUSTED');
INSERT INTO TRANSFER VALUES (DEFAULT,'2021-08-06','17:44:47.765247080');
INSERT INTO ATTENDANCE VALUES (199,5);
INSERT INTO PARENT_XCHGE VALUES (199,18);
INSERT INTO CATEGORY_TRANSFER VALUES (199,'DROPOFF');
INSERT INTO DISPOSITION_TRANSFER VALUES(199,'HAPPY');
INSERT INTO TRANSFER VALUES (DEFAULT,'2021-08-06','17:44:47.765247080');
INSERT INTO ATTENDANCE VALUES (200,5);
INSERT INTO PARENT_XCHGE VALUES (200,18);
INSERT INTO CATEGORY_TRANSFER VALUES (200,'PICKUP');
INSERT INTO DISPOSITION_TRANSFER VALUES (200,EXHAUSTED');
