INSERT INTO CHILD VALUES (DEFAULT,'Andrew','BRYCE','1/2/2021','MALE');
INSERT INTO CHILD VALUES (DEFAULT,'Kirsten','AHMAD','1/2/2021','FEMALE');
INSERT INTO CHILD VALUES (DEFAULT,'John','NORMAN','1/2/2021','MALE');
INSERT INTO CHILD VALUES (DEFAULT,'Scott','LAMB','1/2/2021','MALE');
INSERT INTO CHILD VALUES (DEFAULT,'Philip','AIRD','1/2/2021','MALE');
INSERT INTO CHILD VALUES (DEFAULT,'Eilidh','MCGHEE','1/2/2021','FEMALE');
INSERT INTO CHILD VALUES (DEFAULT,'Robyn','BALLANTYNE','1/2/2021','FEMALE');
INSERT INTO CHILD VALUES (DEFAULT,'Kai','CHRISTIE','1/2/2021','MALE');
INSERT INTO CHILD VALUES (DEFAULT,'Russell','DOBSON','1/2/2021','MALE');
INSERT INTO CHILD VALUES (DEFAULT,'Joanne','WALSH','1/2/2021','FEMALE');
INSERT INTO CHILD VALUES (DEFAULT,'Elizabeth','BURNETT','1/2/2021','FEMALE');
INSERT INTO CHILD VALUES (DEFAULT,'Stewart','BARKER','1/2/2021','MALE');
INSERT INTO CHILD VALUES (DEFAULT,'Graham','WYPER','1/2/2021','MALE');
INSERT INTO CHILD VALUES (DEFAULT,'Ryan','SHEIKH','1/2/2021','MALE');
INSERT INTO CHILD VALUES (DEFAULT,'Matthew','HOWAT','1/2/2021','MALE');
INSERT INTO CHILD VALUES (DEFAULT,'Reuben','MCGRATH','1/2/2021','MALE');
INSERT INTO CHILD VALUES (DEFAULT,'Shaun','BROWNE','1/2/2021','MALE');
INSERT INTO CHILD VALUES (DEFAULT,'Steven','PERRIE','1/2/2021','MALE');
INSERT INTO CHILD VALUES (DEFAULT,'Jamie','HARVEY','1/2/2021','MALE');
INSERT INTO CHILD VALUES (DEFAULT,'Jackson','MELADRUM','1/2/2021','MALE');
INSERT INTO CHILD VALUES (DEFAULT,'Kris','NUGENT','1/2/2021','MALE');
INSERT INTO CHILD VALUES (DEFAULT,'Layla','ADAMS','1/2/2021','FEMALE');
INSERT INTO CHILD VALUES (DEFAULT,'Alexander','MACNEIL','1/2/2021','MALE');
INSERT INTO CHILD VALUES (DEFAULT,'Brodie','AFFLECK','1/2/2021','MALE');
INSERT INTO CHILD VALUES (DEFAULT,'Sam','SEWELL','1/2/2021','MALE');
INSERT INTO CHILD VALUES (DEFAULT,'Blair','WINTON','1/2/2021','MALE');
INSERT INTO CHILD VALUES (DEFAULT,'Louise','MCGONIGLE','1/2/2021','FEMALE');
INSERT INTO CHILD VALUES (DEFAULT,'Evie','BAINES','1/2/2021','FEMALE');
INSERT INTO CHILD VALUES (DEFAULT,'Joanne','WOODWARD','1/2/2021','FEMALE');
INSERT INTO CHILD VALUES (DEFAULT,'Andrea','GILLIES','1/2/2021','FEMALE');
INSERT INTO CHILD VALUES (DEFAULT,'Mason','WHITAKER','1/2/2021','MALE');
INSERT INTO CHILD VALUES (DEFAULT,'Anthony','BIRRELL','1/2/2021','MALE');
INSERT INTO CHILD VALUES (DEFAULT,'Carson','MCNICOLL','1/2/2021','MALE');
INSERT INTO CHILD VALUES (DEFAULT,'Jamie','MOYES','1/2/2021','MALE');
INSERT INTO CHILD VALUES (DEFAULT,'Morgan','MCCLYMONT','1/2/2021','FEMALE');
INSERT INTO CHILD VALUES (DEFAULT,'Callum','FLEMING','1/2/2021','MALE');
INSERT INTO CHILD VALUES (DEFAULT,'Amelia','HAYES','1/2/2021','FEMALE');
INSERT INTO CHILD VALUES (DEFAULT,'Daniel','PEARSON','1/2/2021','MALE');
INSERT INTO CHILD VALUES (DEFAULT,'Finlay','BRADY','1/2/2021','MALE');
INSERT INTO CHILD VALUES (DEFAULT,'Robyn','POTTS','1/2/2021','FEMALE');
INSERT INTO CHILD VALUES (DEFAULT,'Stuart','SAUNDERS','1/2/2021','MALE');
INSERT INTO CHILD VALUES (DEFAULT,'Madison','YUILL','1/2/2021','FEMALE');
INSERT INTO CHILD VALUES (DEFAULT,'Robert','MCCOLE','1/2/2021','MALE');
INSERT INTO CHILD VALUES (DEFAULT,'Isabella','GORMAN','1/2/2021','FEMALE');
INSERT INTO CHILD VALUES (DEFAULT,'Richard','SCALLY','1/2/2021','MALE');
INSERT INTO CHILD VALUES (DEFAULT,'Kate','MACPHEE','1/2/2021','FEMALE');
INSERT INTO CHILD VALUES (DEFAULT,'Lauren','REILLY','1/2/2021','FEMALE');
INSERT INTO CHILD VALUES (DEFAULT,'Tyler','MANSON','1/2/2021','MALE');
INSERT INTO CHILD VALUES (DEFAULT,'Arran','HOGAN','1/2/2021','MALE');
INSERT INTO CHILD VALUES (DEFAULT,'Natalie','MCGARVEY','1/2/2021','FEMALE');
INSERT INTO CHILD VALUES (DEFAULT,'Harry','SCOTLAND','1/2/2021','MALE');
INSERT INTO CHILD VALUES (DEFAULT,'Lynne','MACLEAN','1/2/2021','FEMALE');
INSERT INTO CHILD VALUES (DEFAULT,'Natalie','CROFT','1/2/2021','FEMALE');
INSERT INTO CHILD VALUES (DEFAULT,'Keira','MCLOUGHLIN','1/2/2021','FEMALE');
INSERT INTO CHILD VALUES (DEFAULT,'Leo','LUCAS','1/2/2021','MALE');
INSERT INTO CHILD VALUES (DEFAULT,'Erin','SOMMERVILLE','1/2/2021','FEMALE');
INSERT INTO CHILD VALUES (DEFAULT,'Kenneth','O''SULLIVAN','1/2/2021','MALE');
INSERT INTO CHILD VALUES (DEFAULT,'Stuart','BLAIR','1/2/2021','MALE');
INSERT INTO CHILD VALUES (DEFAULT,'Patrick','MASTERTON','1/2/2021','MALE');
INSERT INTO CHILD VALUES (DEFAULT,'Arlo','TONNER','1/2/2021','MALE');
INSERT INTO CHILD VALUES (DEFAULT,'Madison','O''BRIEN','1/2/2021','FEMALE');
INSERT INTO CHILD VALUES (DEFAULT,'Mirren','BRITTON','1/2/2021','FEMALE');
INSERT INTO CHILD VALUES (DEFAULT,'Amy','LAVERTY','1/2/2021','FEMALE');
INSERT INTO CHILD VALUES (DEFAULT,'Rhys','RAEBURN','1/2/2021','MALE');
INSERT INTO CHILD VALUES (DEFAULT,'Brodie','GLENDINNING','1/2/2021','MALE');
INSERT INTO CHILD VALUES (DEFAULT,'Joseph','PRIOR','1/2/2021','MALE');
INSERT INTO CHILD VALUES (DEFAULT,'Aaron','POTTS','1/2/2021','MALE');
INSERT INTO CHILD VALUES (DEFAULT,'Amy','LOY','1/2/2021','FEMALE');
INSERT INTO CHILD VALUES (DEFAULT,'Kerry','DOAK','1/2/2021','FEMALE');
INSERT INTO CHILD VALUES (DEFAULT,'Calum','DOWNIE','1/2/2021','MALE');
INSERT INTO CHILD VALUES (DEFAULT,'Jason','CARROLL','1/2/2021','MALE');
INSERT INTO CHILD VALUES (DEFAULT,'Debbie','GARDNER','1/2/2021','FEMALE');
INSERT INTO CHILD VALUES (DEFAULT,'Jamie','FINNEGAN','1/2/2021','MALE');
INSERT INTO CHILD VALUES (DEFAULT,'Colin','KERRIGAN','1/2/2021','MALE');
INSERT INTO CHILD VALUES (DEFAULT,'Evie','MACKENZIE','1/2/2021','FEMALE');
INSERT INTO CHILD VALUES (DEFAULT,'Lynsey','TEMPLETON','1/2/2021','FEMALE');
INSERT INTO CHILD VALUES (DEFAULT,'Jason','GREENHILL','1/2/2021','MALE');
INSERT INTO CHILD VALUES (DEFAULT,'Tracey','GIRVAN','1/2/2021','FEMALE');
INSERT INTO CHILD VALUES (DEFAULT,'Logan','MACFADYEN','1/2/2021','MALE');
INSERT INTO CHILD VALUES (DEFAULT,'Eilidh','MULGREW','1/2/2021','FEMALE');
INSERT INTO CHILD VALUES (DEFAULT,'Alice','FRANKLIN','1/2/2021','FEMALE');
INSERT INTO CHILD VALUES (DEFAULT,'Noah','LAPSLEY','1/2/2021','MALE');
INSERT INTO CHILD VALUES (DEFAULT,'Bethany','LIVINGSTONE','1/2/2021','FEMALE');
INSERT INTO CHILD VALUES (DEFAULT,'Alex','SANDS','1/2/2021','MALE');
INSERT INTO CHILD VALUES (DEFAULT,'Colin','REHMAN','1/2/2021','MALE');
INSERT INTO CHILD VALUES (DEFAULT,'Benjamin','AULD','1/2/2021','MALE');
INSERT INTO CHILD VALUES (DEFAULT,'Martin','KIRKPATRICK','1/2/2021','MALE');
INSERT INTO CHILD VALUES (DEFAULT,'Graham','MILLIGAN','1/2/2021','MALE');
INSERT INTO CHILD VALUES (DEFAULT,'Conor','GILLESPIE','1/2/2021','MALE');
INSERT INTO CHILD VALUES (DEFAULT,'Thomas','HALKETT','1/2/2021','MALE');
INSERT INTO CHILD VALUES (DEFAULT,'Ellie','MCGAW','1/2/2021','FEMALE');
INSERT INTO CHILD VALUES (DEFAULT,'Garry','FLOOD','1/2/2021','MALE');
INSERT INTO CHILD VALUES (DEFAULT,'Michelle','LOVIE','1/2/2021','FEMALE');
INSERT INTO CHILD VALUES (DEFAULT,'Natasha','MCCLELLAND','1/2/2021','FEMALE');
INSERT INTO CHILD VALUES (DEFAULT,'Caleb','GREENSHIELDS','1/2/2021','MALE');
INSERT INTO CHILD VALUES (DEFAULT,'Rebecca','GALLOWAY','1/2/2021','FEMALE');
INSERT INTO CHILD VALUES (DEFAULT,'Carly','PATE','1/2/2021','FEMALE');
INSERT INTO CHILD VALUES (DEFAULT,'Poppy','CLELLAND','1/2/2021','FEMALE');
INSERT INTO CHILD VALUES (DEFAULT,'Kayleigh','GOVAN','1/2/2021','FEMALE');
INSERT INTO CHILD VALUES (DEFAULT,'Kevin','HALLEY','1/2/2021','MALE');
INSERT INTO PARENT VALUES (DEFAULT,'Ian','DOBBIE','1/2/1990','MALE');
INSERT INTO PARENT VALUES (DEFAULT,'Gregor','STEVENS','1/2/1990','MALE');
INSERT INTO PARENT VALUES (DEFAULT,'Ashley','HALE','1/2/1990','FEMALE');
INSERT INTO PARENT VALUES (DEFAULT,'Ruth','MCHALE','1/2/1990','FEMALE');
INSERT INTO PARENT VALUES (DEFAULT,'Taylor','CAMERON','1/2/1990','FEMALE');
INSERT INTO PARENT VALUES (DEFAULT,'Alice','MCANDREW','1/2/1990','FEMALE');
INSERT INTO PARENT VALUES (DEFAULT,'David','WARDLAW','1/2/1990','MALE');
INSERT INTO PARENT VALUES (DEFAULT,'Owen','KINGHORN','1/2/1990','MALE');
INSERT INTO PARENT VALUES (DEFAULT,'Rory','BRAID','1/2/1990','MALE');
INSERT INTO PARENT VALUES (DEFAULT,'Alexander','CHAMBERS','1/2/1990','MALE');
INSERT INTO PARENT VALUES (DEFAULT,'Christopher','PATTIE','1/2/1990','MALE');
INSERT INTO PARENT VALUES (DEFAULT,'Louis','ARNOLD','1/2/1990','MALE');
INSERT INTO PARENT VALUES (DEFAULT,'Ethan','TANNER','1/2/1990','MALE');
INSERT INTO PARENT VALUES (DEFAULT,'Kimberley','BROCKIE','1/2/1990','FEMALE');
INSERT INTO PARENT VALUES (DEFAULT,'Christina','WHITTAKER','1/2/1990','FEMALE');
INSERT INTO PARENT VALUES (DEFAULT,'Alison','CLARKSON','1/2/1990','FEMALE');
INSERT INTO PARENT VALUES (DEFAULT,'Dawn','MARSHALL','1/2/1990','FEMALE');
INSERT INTO PARENT VALUES (DEFAULT,'Jacob','STRACHAN','1/2/1990','MALE');
INSERT INTO PARENT VALUES (DEFAULT,'Abi','COLLIE','1/2/1990','FEMALE');
INSERT INTO PARENT VALUES (DEFAULT,'Leigh','FORSTER','1/2/1990','FEMALE');
INSERT INTO PARENT VALUES (DEFAULT,'Max','DANIELS','1/2/1990','MALE');
INSERT INTO PARENT VALUES (DEFAULT,'Kerry','POWELL','1/2/1990','FEMALE');
INSERT INTO PARENT VALUES (DEFAULT,'Pamela','MURRAY','1/2/1990','FEMALE');
INSERT INTO PARENT VALUES (DEFAULT,'Christopher','LITTLEJOHN','1/2/1990','MALE');
INSERT INTO PARENT VALUES (DEFAULT,'Kara','LOUDON','1/2/1990','FEMALE');
INSERT INTO PARENT VALUES (DEFAULT,'George','MCGEOCH','1/2/1990','MALE');
INSERT INTO PARENT VALUES (DEFAULT,'Alana','BELLINGHAM','1/2/1990','FEMALE');
INSERT INTO PARENT VALUES (DEFAULT,'Stephanie','CHARLES','1/2/1990','FEMALE');
INSERT INTO PARENT VALUES (DEFAULT,'Gareth','CAVANAGH','1/2/1990','MALE');
INSERT INTO PARENT VALUES (DEFAULT,'Sam','CONNOLLY','1/2/1990','MALE');
INSERT INTO PARENT VALUES (DEFAULT,'Logan','MARSH','1/2/1990','MALE');
INSERT INTO PARENT VALUES (DEFAULT,'Jamie','FAIRBAIRN','1/2/1990','MALE');
INSERT INTO PARENT VALUES (DEFAULT,'Jodie','TRAVERS','1/2/1990','FEMALE');
INSERT INTO PARENT VALUES (DEFAULT,'Aaron','BARR','1/2/1990','MALE');
INSERT INTO PARENT VALUES (DEFAULT,'Susan','MCCRORIE','1/2/1990','FEMALE');
INSERT INTO PARENT VALUES (DEFAULT,'Mark','BURNSIDE','1/2/1990','MALE');
INSERT INTO PARENT VALUES (DEFAULT,'Kyle','THOMSON','1/2/1990','MALE');
INSERT INTO PARENT VALUES (DEFAULT,'Ruairidh','MCGINLEY','1/2/1990','MALE');
INSERT INTO PARENT VALUES (DEFAULT,'Rachael','LIDDLE','1/2/1990','FEMALE');
INSERT INTO PARENT VALUES (DEFAULT,'Elizabeth','FROST','1/2/1990','FEMALE');
INSERT INTO PARENT VALUES (DEFAULT,'Katie','SALMOND','1/2/1990','FEMALE');
INSERT INTO PARENT VALUES (DEFAULT,'Liam','HARKIN','1/2/1990','MALE');
INSERT INTO PARENT VALUES (DEFAULT,'James','MCMULLAN','1/2/1990','MALE');
INSERT INTO PARENT VALUES (DEFAULT,'Calvin','BAXTER','1/2/1990','MALE');
INSERT INTO PARENT VALUES (DEFAULT,'Catherine','FOY','1/2/1990','FEMALE');
INSERT INTO PARENT VALUES (DEFAULT,'Beth','TRAVERS','1/2/1990','FEMALE');
INSERT INTO PARENT VALUES (DEFAULT,'Taylor','PRYDE','1/2/1990','FEMALE');
INSERT INTO PARENT VALUES (DEFAULT,'Cheryl','DEAN','1/2/1990','FEMALE');
INSERT INTO PARENT VALUES (DEFAULT,'Jodie','WONG','1/2/1990','FEMALE');
INSERT INTO PARENT VALUES (DEFAULT,'Abby','ROSIE','1/2/1990','FEMALE');
INSERT INTO FAMILY VALUES ('83','1');
INSERT INTO FAMILY VALUES ('40','2');
INSERT INTO FAMILY VALUES ('92','2');
INSERT INTO FAMILY VALUES ('15','3');
INSERT INTO FAMILY VALUES ('11','3');
INSERT INTO FAMILY VALUES ('2','4');
INSERT INTO FAMILY VALUES ('71','4');
INSERT INTO FAMILY VALUES ('81','5');
INSERT INTO FAMILY VALUES ('53','5');
INSERT INTO FAMILY VALUES ('29','6');
INSERT INTO FAMILY VALUES ('27','6');
INSERT INTO FAMILY VALUES ('17','7');
INSERT INTO FAMILY VALUES ('34','7');
INSERT INTO FAMILY VALUES ('90','8');
INSERT INTO FAMILY VALUES ('26','8');
INSERT INTO FAMILY VALUES ('3','9');
INSERT INTO FAMILY VALUES ('82','9');
INSERT INTO FAMILY VALUES ('23','10');
INSERT INTO FAMILY VALUES ('100','10');
INSERT INTO FAMILY VALUES ('4','11');
INSERT INTO FAMILY VALUES ('12','11');
INSERT INTO FAMILY VALUES ('36','12');
INSERT INTO FAMILY VALUES ('10','12');
INSERT INTO FAMILY VALUES ('31','13');
INSERT INTO FAMILY VALUES ('37','13');
INSERT INTO FAMILY VALUES ('46','14');
INSERT INTO FAMILY VALUES ('91','14');
INSERT INTO FAMILY VALUES ('38','15');
INSERT INTO FAMILY VALUES ('62','15');
INSERT INTO FAMILY VALUES ('58','16');
INSERT INTO FAMILY VALUES ('55','16');
INSERT INTO FAMILY VALUES ('43','17');
INSERT INTO FAMILY VALUES ('93','17');
INSERT INTO FAMILY VALUES ('88','18');
INSERT INTO FAMILY VALUES ('54','18');
INSERT INTO FAMILY VALUES ('5','19');
INSERT INTO FAMILY VALUES ('84','19');
INSERT INTO FAMILY VALUES ('56','20');
INSERT INTO FAMILY VALUES ('50','20');
INSERT INTO FAMILY VALUES ('7','21');
INSERT INTO FAMILY VALUES ('18','21');
INSERT INTO FAMILY VALUES ('87','22');
INSERT INTO FAMILY VALUES ('85','22');
INSERT INTO FAMILY VALUES ('79','23');
INSERT INTO FAMILY VALUES ('30','23');
INSERT INTO FAMILY VALUES ('76','24');
INSERT INTO FAMILY VALUES ('24','24');
INSERT INTO FAMILY VALUES ('64','25');
INSERT INTO FAMILY VALUES ('51','25');
INSERT INTO FAMILY VALUES ('14','26');
INSERT INTO FAMILY VALUES ('6','26');
INSERT INTO FAMILY VALUES ('47','27');
INSERT INTO FAMILY VALUES ('73','27');
INSERT INTO FAMILY VALUES ('70','28');
INSERT INTO FAMILY VALUES ('69','28');
INSERT INTO FAMILY VALUES ('57','29');
INSERT INTO FAMILY VALUES ('61','29');
INSERT INTO FAMILY VALUES ('8','30');
INSERT INTO FAMILY VALUES ('20','30');
INSERT INTO FAMILY VALUES ('45','31');
INSERT INTO FAMILY VALUES ('59','31');
INSERT INTO FAMILY VALUES ('75','32');
INSERT INTO FAMILY VALUES ('35','32');
INSERT INTO FAMILY VALUES ('96','33');
INSERT INTO FAMILY VALUES ('39','33');
INSERT INTO FAMILY VALUES ('52','34');
INSERT INTO FAMILY VALUES ('95','34');
INSERT INTO FAMILY VALUES ('89','35');
INSERT INTO FAMILY VALUES ('74','35');
INSERT INTO FAMILY VALUES ('25','36');
INSERT INTO FAMILY VALUES ('13','36');
INSERT INTO FAMILY VALUES ('22','37');
INSERT INTO FAMILY VALUES ('98','37');
INSERT INTO FAMILY VALUES ('66','38');
INSERT INTO FAMILY VALUES ('44','38');
INSERT INTO FAMILY VALUES ('97','39');
INSERT INTO FAMILY VALUES ('21','39');
INSERT INTO FAMILY VALUES ('9','40');
INSERT INTO FAMILY VALUES ('78','40');
INSERT INTO FAMILY VALUES ('80','41');
INSERT INTO FAMILY VALUES ('28','41');
INSERT INTO FAMILY VALUES ('65','42');
INSERT INTO FAMILY VALUES ('99','42');
INSERT INTO FAMILY VALUES ('41','43');
INSERT INTO FAMILY VALUES ('16','43');
INSERT INTO FAMILY VALUES ('67','44');
INSERT INTO FAMILY VALUES ('42','44');
INSERT INTO FAMILY VALUES ('77','45');
INSERT INTO FAMILY VALUES ('33','45');
INSERT INTO FAMILY VALUES ('32','46');
INSERT INTO FAMILY VALUES ('60','46');
INSERT INTO FAMILY VALUES ('68','47');
INSERT INTO FAMILY VALUES ('63','47');
INSERT INTO FAMILY VALUES ('94','48');
INSERT INTO FAMILY VALUES ('72','48');
INSERT INTO FAMILY VALUES ('48','49');
INSERT INTO FAMILY VALUES ('49','49');
INSERT INTO FAMILY VALUES ('1','50');
INSERT INTO FAMILY VALUES ('86','50');
INSERT INTO CATEGORY VALUES ('DROPOFF', 'A child is entering the facility');
INSERT INTO CATEGORY VALUES ('PICKUP', 'A child is leaving the facility');
INSERT INTO CATEGORY VALUES ('TEST', 'This is a test entry and not valid');
INSERT INTO CATEGORY VALUES ('OTHER', 'not a dropoff/pickup');
INSERT INTO MOOD VALUES ('EXHAUSTED', 'drained of one''s physical or mental resources');
INSERT INTO MOOD VALUES ('CONFUSED', 'unable to think clearly; bewildered');
INSERT INTO MOOD VALUES ('ECSTATIC', 'overwhelming happiness or joyful excitement');
INSERT INTO MOOD VALUES ('GUILTY', 'culpable of or responsible for a specified wrongdoing');
INSERT INTO MOOD VALUES ('SUSPICIOUS', 'having or showing a cautious distrust of someone or something');
INSERT INTO MOOD VALUES ('ANGRY', 'feeling or showing strong annoyance, displeasure, or hostility');
INSERT INTO MOOD VALUES ('HYSTERICAL', 'deriving from or affected by uncontrolled extreme emotion');
INSERT INTO MOOD VALUES ('FRUSTRATED', 'feeling/expressing distress and annoyance, especially because of inability to change/achieve a thing');
INSERT INTO MOOD VALUES ('SAD', 'feeling or showing sorrow; unhappy');
INSERT INTO MOOD VALUES ('CONFIDENT', 'feeling or showing certainty about something; self-assured');
INSERT INTO MOOD VALUES ('EMBARRASSED', 'feeling or showing awkwardness or unease');
INSERT INTO MOOD VALUES ('HAPPY', 'feeling or showing pleasure or contentment');
INSERT INTO MOOD VALUES ('MISCHIEVOUS', 'causing or showing a fondness for causing trouble in a playful way');
INSERT INTO MOOD VALUES ('DISGUSTED', 'feeling or expressing revulsion or strong disapproval');
INSERT INTO MOOD VALUES ('FRIGHTENED', 'afraid or anxious');
INSERT INTO MOOD VALUES ('ENRAGED', 'very angry; furious');
INSERT INTO MOOD VALUES ('ASHAMED', 'embarrassed or guilty because of one''s actions, characteristics, or associations');
INSERT INTO MOOD VALUES ('CAUTIOUS', 'careful to avoid potential problems or dangers');
INSERT INTO MOOD VALUES ('SMUG', 'having or showing an excessive pride in oneself or one''s achievements');
INSERT INTO MOOD VALUES ('DEPRESSED', 'in a state of general unhappiness or despondency');
INSERT INTO MOOD VALUES ('OVERWHELMED', 'bury or drown beneath a huge mass');
INSERT INTO MOOD VALUES ('HOPEFUL', 'feeling or inspiring optimism about a future event');
INSERT INTO MOOD VALUES ('LONELY', 'sad because one has no friends or company');
INSERT INTO MOOD VALUES ('LOVESTRUCK', 'besotted or infatuated.');
INSERT INTO MOOD VALUES ('BORED', 'feeling weary because one is unoccupied or lacks interest in one''s current activity');
INSERT INTO MOOD VALUES ('SURPRISED', 'mild astonishment or shock');
INSERT INTO MOOD VALUES ('ANXIOUS', 'experiencing worry, unease, or nervousness');
INSERT INTO MOOD VALUES ('SHOCKED', 'surprised and upset');
INSERT INTO MOOD VALUES ('SHY', 'being reserved or having or showing nervousness or timidity');
INSERT INTO TRANSFER VALUES (DEFAULT,'2021-08-06','17:46:27.664946236');
INSERT INTO ATTENDANCE VALUES (1,92);
INSERT INTO PARENT_XCHGE VALUES (1,2);
INSERT INTO CATEGORY_TRANSFER VALUES (1,'DROPOFF');
INSERT INTO DISPOSITION_TRANSFER VALUES(1,'HAPPY');
INSERT INTO TRANSFER VALUES (DEFAULT,'2021-08-06','17:46:27.664946236');
INSERT INTO ATTENDANCE VALUES (2,92);
INSERT INTO PARENT_XCHGE VALUES (2,2);
INSERT INTO CATEGORY_TRANSFER VALUES (2,'PICKUP');
INSERT INTO DISPOSITION_TRANSFER VALUES (2,'EXHAUSTED');
INSERT INTO TRANSFER VALUES (DEFAULT,'2021-08-06','17:46:27.669527029');
INSERT INTO ATTENDANCE VALUES (3,10);
INSERT INTO PARENT_XCHGE VALUES (3,12);
INSERT INTO CATEGORY_TRANSFER VALUES (3,'DROPOFF');
INSERT INTO DISPOSITION_TRANSFER VALUES(3,'HAPPY');
INSERT INTO TRANSFER VALUES (DEFAULT,'2021-08-06','17:46:27.669527029');
INSERT INTO ATTENDANCE VALUES (4,10);
INSERT INTO PARENT_XCHGE VALUES (4,12);
INSERT INTO CATEGORY_TRANSFER VALUES (4,'PICKUP');
INSERT INTO DISPOSITION_TRANSFER VALUES (4,'EXHAUSTED');
INSERT INTO TRANSFER VALUES (DEFAULT,'2021-08-06','17:46:27.669656785');
INSERT INTO ATTENDANCE VALUES (5,93);
INSERT INTO PARENT_XCHGE VALUES (5,17);
INSERT INTO CATEGORY_TRANSFER VALUES (5,'DROPOFF');
INSERT INTO DISPOSITION_TRANSFER VALUES(5,'HAPPY');
INSERT INTO TRANSFER VALUES (DEFAULT,'2021-08-06','17:46:27.669656785');
INSERT INTO ATTENDANCE VALUES (6,93);
INSERT INTO PARENT_XCHGE VALUES (6,17);
INSERT INTO CATEGORY_TRANSFER VALUES (6,'PICKUP');
INSERT INTO DISPOSITION_TRANSFER VALUES (6,'EXHAUSTED');
INSERT INTO TRANSFER VALUES (DEFAULT,'2021-08-06','17:46:27.669776253');
INSERT INTO ATTENDANCE VALUES (7,59);
INSERT INTO PARENT_XCHGE VALUES (7,31);
INSERT INTO CATEGORY_TRANSFER VALUES (7,'DROPOFF');
INSERT INTO DISPOSITION_TRANSFER VALUES(7,'HAPPY');
INSERT INTO TRANSFER VALUES (DEFAULT,'2021-08-06','17:46:27.669776253');
INSERT INTO ATTENDANCE VALUES (8,59);
INSERT INTO PARENT_XCHGE VALUES (8,31);
INSERT INTO CATEGORY_TRANSFER VALUES (8,'PICKUP');
INSERT INTO DISPOSITION_TRANSFER VALUES (8,'EXHAUSTED');
INSERT INTO TRANSFER VALUES (DEFAULT,'2021-08-06','17:46:27.669896328');
INSERT INTO ATTENDANCE VALUES (9,88);
INSERT INTO PARENT_XCHGE VALUES (9,18);
INSERT INTO CATEGORY_TRANSFER VALUES (9,'DROPOFF');
INSERT INTO DISPOSITION_TRANSFER VALUES(9,'HAPPY');
INSERT INTO TRANSFER VALUES (DEFAULT,'2021-08-06','17:46:27.669896328');
INSERT INTO ATTENDANCE VALUES (10,88);
INSERT INTO PARENT_XCHGE VALUES (10,18);
INSERT INTO CATEGORY_TRANSFER VALUES (10,'PICKUP');
INSERT INTO DISPOSITION_TRANSFER VALUES (10,'EXHAUSTED');
INSERT INTO TRANSFER VALUES (DEFAULT,'2021-08-06','17:46:27.670034930');
INSERT INTO ATTENDANCE VALUES (11,10);
INSERT INTO PARENT_XCHGE VALUES (11,12);
INSERT INTO CATEGORY_TRANSFER VALUES (11,'DROPOFF');
INSERT INTO DISPOSITION_TRANSFER VALUES(11,'HAPPY');
INSERT INTO TRANSFER VALUES (DEFAULT,'2021-08-06','17:46:27.670034930');
INSERT INTO ATTENDANCE VALUES (12,10);
INSERT INTO PARENT_XCHGE VALUES (12,12);
INSERT INTO CATEGORY_TRANSFER VALUES (12,'PICKUP');
INSERT INTO DISPOSITION_TRANSFER VALUES (12,'EXHAUSTED');
INSERT INTO TRANSFER VALUES (DEFAULT,'2021-08-06','17:46:27.670165914');
INSERT INTO ATTENDANCE VALUES (13,37);
INSERT INTO PARENT_XCHGE VALUES (13,13);
INSERT INTO CATEGORY_TRANSFER VALUES (13,'DROPOFF');
INSERT INTO DISPOSITION_TRANSFER VALUES(13,'HAPPY');
INSERT INTO TRANSFER VALUES (DEFAULT,'2021-08-06','17:46:27.670165914');
INSERT INTO ATTENDANCE VALUES (14,37);
INSERT INTO PARENT_XCHGE VALUES (14,13);
INSERT INTO CATEGORY_TRANSFER VALUES (14,'PICKUP');
INSERT INTO DISPOSITION_TRANSFER VALUES (14,'EXHAUSTED');
INSERT INTO TRANSFER VALUES (DEFAULT,'2021-08-06','17:46:27.670288786');
INSERT INTO ATTENDANCE VALUES (15,16);
INSERT INTO PARENT_XCHGE VALUES (15,43);
INSERT INTO CATEGORY_TRANSFER VALUES (15,'DROPOFF');
INSERT INTO DISPOSITION_TRANSFER VALUES(15,'HAPPY');
INSERT INTO TRANSFER VALUES (DEFAULT,'2021-08-06','17:46:27.670288786');
INSERT INTO ATTENDANCE VALUES (16,16);
INSERT INTO PARENT_XCHGE VALUES (16,43);
INSERT INTO CATEGORY_TRANSFER VALUES (16,'PICKUP');
INSERT INTO DISPOSITION_TRANSFER VALUES (16,'EXHAUSTED');
INSERT INTO TRANSFER VALUES (DEFAULT,'2021-08-06','17:46:27.670407478');
INSERT INTO ATTENDANCE VALUES (17,66);
INSERT INTO PARENT_XCHGE VALUES (17,38);
INSERT INTO CATEGORY_TRANSFER VALUES (17,'DROPOFF');
INSERT INTO DISPOSITION_TRANSFER VALUES(17,'HAPPY');
INSERT INTO TRANSFER VALUES (DEFAULT,'2021-08-06','17:46:27.670407478');
INSERT INTO ATTENDANCE VALUES (18,66);
INSERT INTO PARENT_XCHGE VALUES (18,38);
INSERT INTO CATEGORY_TRANSFER VALUES (18,'PICKUP');
INSERT INTO DISPOSITION_TRANSFER VALUES (18,'EXHAUSTED');
INSERT INTO TRANSFER VALUES (DEFAULT,'2021-08-06','17:46:27.670547080');
INSERT INTO ATTENDANCE VALUES (19,36);
INSERT INTO PARENT_XCHGE VALUES (19,12);
INSERT INTO CATEGORY_TRANSFER VALUES (19,'DROPOFF');
INSERT INTO DISPOSITION_TRANSFER VALUES(19,'HAPPY');
INSERT INTO TRANSFER VALUES (DEFAULT,'2021-08-06','17:46:27.670547080');
INSERT INTO ATTENDANCE VALUES (20,36);
INSERT INTO PARENT_XCHGE VALUES (20,12);
INSERT INTO CATEGORY_TRANSFER VALUES (20,'PICKUP');
INSERT INTO DISPOSITION_TRANSFER VALUES (20,'EXHAUSTED');
INSERT INTO TRANSFER VALUES (DEFAULT,'2021-08-06','17:46:27.670662196');
INSERT INTO ATTENDANCE VALUES (21,5);
INSERT INTO PARENT_XCHGE VALUES (21,19);
INSERT INTO CATEGORY_TRANSFER VALUES (21,'DROPOFF');
INSERT INTO DISPOSITION_TRANSFER VALUES(21,'HAPPY');
INSERT INTO TRANSFER VALUES (DEFAULT,'2021-08-06','17:46:27.670662196');
INSERT INTO ATTENDANCE VALUES (22,5);
INSERT INTO PARENT_XCHGE VALUES (22,19);
INSERT INTO CATEGORY_TRANSFER VALUES (22,'PICKUP');
INSERT INTO DISPOSITION_TRANSFER VALUES (22,'EXHAUSTED');
INSERT INTO TRANSFER VALUES (DEFAULT,'2021-08-06','17:46:27.670774330');
INSERT INTO ATTENDANCE VALUES (23,53);
INSERT INTO PARENT_XCHGE VALUES (23,5);
INSERT INTO CATEGORY_TRANSFER VALUES (23,'DROPOFF');
INSERT INTO DISPOSITION_TRANSFER VALUES(23,'HAPPY');
INSERT INTO TRANSFER VALUES (DEFAULT,'2021-08-06','17:46:27.670774330');
INSERT INTO ATTENDANCE VALUES (24,53);
INSERT INTO PARENT_XCHGE VALUES (24,5);
INSERT INTO CATEGORY_TRANSFER VALUES (24,'PICKUP');
INSERT INTO DISPOSITION_TRANSFER VALUES (24,'EXHAUSTED');
INSERT INTO TRANSFER VALUES (DEFAULT,'2021-08-06','17:46:27.670892456');
INSERT INTO ATTENDANCE VALUES (25,46);
INSERT INTO PARENT_XCHGE VALUES (25,14);
INSERT INTO CATEGORY_TRANSFER VALUES (25,'DROPOFF');
INSERT INTO DISPOSITION_TRANSFER VALUES(25,'HAPPY');
INSERT INTO TRANSFER VALUES (DEFAULT,'2021-08-06','17:46:27.670892456');
INSERT INTO ATTENDANCE VALUES (26,46);
INSERT INTO PARENT_XCHGE VALUES (26,14);
INSERT INTO CATEGORY_TRANSFER VALUES (26,'PICKUP');
INSERT INTO DISPOSITION_TRANSFER VALUES (26,'EXHAUSTED');
INSERT INTO TRANSFER VALUES (DEFAULT,'2021-08-06','17:46:27.671043627');
INSERT INTO ATTENDANCE VALUES (27,25);
INSERT INTO PARENT_XCHGE VALUES (27,36);
INSERT INTO CATEGORY_TRANSFER VALUES (27,'DROPOFF');
INSERT INTO DISPOSITION_TRANSFER VALUES(27,'HAPPY');
INSERT INTO TRANSFER VALUES (DEFAULT,'2021-08-06','17:46:27.671043627');
INSERT INTO ATTENDANCE VALUES (28,25);
INSERT INTO PARENT_XCHGE VALUES (28,36);
INSERT INTO CATEGORY_TRANSFER VALUES (28,'PICKUP');
INSERT INTO DISPOSITION_TRANSFER VALUES (28,'EXHAUSTED');
INSERT INTO TRANSFER VALUES (DEFAULT,'2021-08-06','17:46:27.671221880');
INSERT INTO ATTENDANCE VALUES (29,92);
INSERT INTO PARENT_XCHGE VALUES (29,2);
INSERT INTO CATEGORY_TRANSFER VALUES (29,'DROPOFF');
INSERT INTO DISPOSITION_TRANSFER VALUES(29,'HAPPY');
INSERT INTO TRANSFER VALUES (DEFAULT,'2021-08-06','17:46:27.671221880');
INSERT INTO ATTENDANCE VALUES (30,92);
INSERT INTO PARENT_XCHGE VALUES (30,2);
INSERT INTO CATEGORY_TRANSFER VALUES (30,'PICKUP');
INSERT INTO DISPOSITION_TRANSFER VALUES (30,'EXHAUSTED');
INSERT INTO TRANSFER VALUES (DEFAULT,'2021-08-06','17:46:27.671343379');
INSERT INTO ATTENDANCE VALUES (31,17);
INSERT INTO PARENT_XCHGE VALUES (31,7);
INSERT INTO CATEGORY_TRANSFER VALUES (31,'DROPOFF');
INSERT INTO DISPOSITION_TRANSFER VALUES(31,'HAPPY');
INSERT INTO TRANSFER VALUES (DEFAULT,'2021-08-06','17:46:27.671343379');
INSERT INTO ATTENDANCE VALUES (32,17);
INSERT INTO PARENT_XCHGE VALUES (32,7);
INSERT INTO CATEGORY_TRANSFER VALUES (32,'PICKUP');
INSERT INTO DISPOSITION_TRANSFER VALUES (32,'EXHAUSTED');
INSERT INTO TRANSFER VALUES (DEFAULT,'2021-08-06','17:46:27.671461888');
INSERT INTO ATTENDANCE VALUES (33,52);
INSERT INTO PARENT_XCHGE VALUES (33,34);
INSERT INTO CATEGORY_TRANSFER VALUES (33,'DROPOFF');
INSERT INTO DISPOSITION_TRANSFER VALUES(33,'HAPPY');
INSERT INTO TRANSFER VALUES (DEFAULT,'2021-08-06','17:46:27.671461888');
INSERT INTO ATTENDANCE VALUES (34,52);
INSERT INTO PARENT_XCHGE VALUES (34,34);
INSERT INTO CATEGORY_TRANSFER VALUES (34,'PICKUP');
INSERT INTO DISPOSITION_TRANSFER VALUES (34,'EXHAUSTED');
INSERT INTO TRANSFER VALUES (DEFAULT,'2021-08-06','17:46:27.671569460');
INSERT INTO ATTENDANCE VALUES (35,24);
INSERT INTO PARENT_XCHGE VALUES (35,24);
INSERT INTO CATEGORY_TRANSFER VALUES (35,'DROPOFF');
INSERT INTO DISPOSITION_TRANSFER VALUES(35,'HAPPY');
INSERT INTO TRANSFER VALUES (DEFAULT,'2021-08-06','17:46:27.671569460');
INSERT INTO ATTENDANCE VALUES (36,24);
INSERT INTO PARENT_XCHGE VALUES (36,24);
INSERT INTO CATEGORY_TRANSFER VALUES (36,'PICKUP');
INSERT INTO DISPOSITION_TRANSFER VALUES (36,'EXHAUSTED');
INSERT INTO TRANSFER VALUES (DEFAULT,'2021-08-06','17:46:27.671677932');
INSERT INTO ATTENDANCE VALUES (37,59);
INSERT INTO PARENT_XCHGE VALUES (37,31);
INSERT INTO CATEGORY_TRANSFER VALUES (37,'DROPOFF');
INSERT INTO DISPOSITION_TRANSFER VALUES(37,'HAPPY');
INSERT INTO TRANSFER VALUES (DEFAULT,'2021-08-06','17:46:27.671677932');
INSERT INTO ATTENDANCE VALUES (38,59);
INSERT INTO PARENT_XCHGE VALUES (38,31);
INSERT INTO CATEGORY_TRANSFER VALUES (38,'PICKUP');
INSERT INTO DISPOSITION_TRANSFER VALUES (38,'EXHAUSTED');
INSERT INTO TRANSFER VALUES (DEFAULT,'2021-08-06','17:46:27.671791813');
INSERT INTO ATTENDANCE VALUES (39,3);
INSERT INTO PARENT_XCHGE VALUES (39,9);
INSERT INTO CATEGORY_TRANSFER VALUES (39,'DROPOFF');
INSERT INTO DISPOSITION_TRANSFER VALUES(39,'HAPPY');
INSERT INTO TRANSFER VALUES (DEFAULT,'2021-08-06','17:46:27.671791813');
INSERT INTO ATTENDANCE VALUES (40,3);
INSERT INTO PARENT_XCHGE VALUES (40,9);
INSERT INTO CATEGORY_TRANSFER VALUES (40,'PICKUP');
INSERT INTO DISPOSITION_TRANSFER VALUES (40,'EXHAUSTED');
INSERT INTO TRANSFER VALUES (DEFAULT,'2021-08-06','17:46:27.671903801');
INSERT INTO ATTENDANCE VALUES (41,86);
INSERT INTO PARENT_XCHGE VALUES (41,50);
INSERT INTO CATEGORY_TRANSFER VALUES (41,'DROPOFF');
INSERT INTO DISPOSITION_TRANSFER VALUES(41,'HAPPY');
INSERT INTO TRANSFER VALUES (DEFAULT,'2021-08-06','17:46:27.671903801');
INSERT INTO ATTENDANCE VALUES (42,86);
INSERT INTO PARENT_XCHGE VALUES (42,50);
INSERT INTO CATEGORY_TRANSFER VALUES (42,'PICKUP');
INSERT INTO DISPOSITION_TRANSFER VALUES (42,'EXHAUSTED');
INSERT INTO TRANSFER VALUES (DEFAULT,'2021-08-06','17:46:27.672018450');
INSERT INTO ATTENDANCE VALUES (43,33);
INSERT INTO PARENT_XCHGE VALUES (43,45);
INSERT INTO CATEGORY_TRANSFER VALUES (43,'DROPOFF');
INSERT INTO DISPOSITION_TRANSFER VALUES(43,'HAPPY');
INSERT INTO TRANSFER VALUES (DEFAULT,'2021-08-06','17:46:27.672018450');
INSERT INTO ATTENDANCE VALUES (44,33);
INSERT INTO PARENT_XCHGE VALUES (44,45);
INSERT INTO CATEGORY_TRANSFER VALUES (44,'PICKUP');
INSERT INTO DISPOSITION_TRANSFER VALUES (44,'EXHAUSTED');
INSERT INTO TRANSFER VALUES (DEFAULT,'2021-08-06','17:46:27.672121229');
INSERT INTO ATTENDANCE VALUES (45,52);
INSERT INTO PARENT_XCHGE VALUES (45,34);
INSERT INTO CATEGORY_TRANSFER VALUES (45,'DROPOFF');
INSERT INTO DISPOSITION_TRANSFER VALUES(45,'HAPPY');
INSERT INTO TRANSFER VALUES (DEFAULT,'2021-08-06','17:46:27.672121229');
INSERT INTO ATTENDANCE VALUES (46,52);
INSERT INTO PARENT_XCHGE VALUES (46,34);
INSERT INTO CATEGORY_TRANSFER VALUES (46,'PICKUP');
INSERT INTO DISPOSITION_TRANSFER VALUES (46,'EXHAUSTED');
INSERT INTO TRANSFER VALUES (DEFAULT,'2021-08-06','17:46:27.672228641');
INSERT INTO ATTENDANCE VALUES (47,81);
INSERT INTO PARENT_XCHGE VALUES (47,5);
INSERT INTO CATEGORY_TRANSFER VALUES (47,'DROPOFF');
INSERT INTO DISPOSITION_TRANSFER VALUES(47,'HAPPY');
INSERT INTO TRANSFER VALUES (DEFAULT,'2021-08-06','17:46:27.672228641');
INSERT INTO ATTENDANCE VALUES (48,81);
INSERT INTO PARENT_XCHGE VALUES (48,5);
INSERT INTO CATEGORY_TRANSFER VALUES (48,'PICKUP');
INSERT INTO DISPOSITION_TRANSFER VALUES (48,'EXHAUSTED');
INSERT INTO TRANSFER VALUES (DEFAULT,'2021-08-06','17:46:27.672331585');
INSERT INTO ATTENDANCE VALUES (49,7);
INSERT INTO PARENT_XCHGE VALUES (49,21);
INSERT INTO CATEGORY_TRANSFER VALUES (49,'DROPOFF');
INSERT INTO DISPOSITION_TRANSFER VALUES(49,'HAPPY');
INSERT INTO TRANSFER VALUES (DEFAULT,'2021-08-06','17:46:27.672331585');
INSERT INTO ATTENDANCE VALUES (50,7);
INSERT INTO PARENT_XCHGE VALUES (50,21);
INSERT INTO CATEGORY_TRANSFER VALUES (50,'PICKUP');
INSERT INTO DISPOSITION_TRANSFER VALUES (50,'EXHAUSTED');
INSERT INTO TRANSFER VALUES (DEFAULT,'2021-08-06','17:46:27.672438715');
INSERT INTO ATTENDANCE VALUES (51,89);
INSERT INTO PARENT_XCHGE VALUES (51,35);
INSERT INTO CATEGORY_TRANSFER VALUES (51,'DROPOFF');
INSERT INTO DISPOSITION_TRANSFER VALUES(51,'HAPPY');
INSERT INTO TRANSFER VALUES (DEFAULT,'2021-08-06','17:46:27.672438715');
INSERT INTO ATTENDANCE VALUES (52,89);
INSERT INTO PARENT_XCHGE VALUES (52,35);
INSERT INTO CATEGORY_TRANSFER VALUES (52,'PICKUP');
INSERT INTO DISPOSITION_TRANSFER VALUES (52,'EXHAUSTED');
INSERT INTO TRANSFER VALUES (DEFAULT,'2021-08-06','17:46:27.672624889');
INSERT INTO ATTENDANCE VALUES (53,74);
INSERT INTO PARENT_XCHGE VALUES (53,35);
INSERT INTO CATEGORY_TRANSFER VALUES (53,'DROPOFF');
INSERT INTO DISPOSITION_TRANSFER VALUES(53,'HAPPY');
INSERT INTO TRANSFER VALUES (DEFAULT,'2021-08-06','17:46:27.672624889');
INSERT INTO ATTENDANCE VALUES (54,74);
INSERT INTO PARENT_XCHGE VALUES (54,35);
INSERT INTO CATEGORY_TRANSFER VALUES (54,'PICKUP');
INSERT INTO DISPOSITION_TRANSFER VALUES (54,'EXHAUSTED');
INSERT INTO TRANSFER VALUES (DEFAULT,'2021-08-06','17:46:27.672805608');
INSERT INTO ATTENDANCE VALUES (55,46);
INSERT INTO PARENT_XCHGE VALUES (55,14);
INSERT INTO CATEGORY_TRANSFER VALUES (55,'DROPOFF');
INSERT INTO DISPOSITION_TRANSFER VALUES(55,'HAPPY');
INSERT INTO TRANSFER VALUES (DEFAULT,'2021-08-06','17:46:27.672805608');
INSERT INTO ATTENDANCE VALUES (56,46);
INSERT INTO PARENT_XCHGE VALUES (56,14);
INSERT INTO CATEGORY_TRANSFER VALUES (56,'PICKUP');
INSERT INTO DISPOSITION_TRANSFER VALUES (56,'EXHAUSTED');
INSERT INTO TRANSFER VALUES (DEFAULT,'2021-08-06','17:46:27.672908247');
INSERT INTO ATTENDANCE VALUES (57,73);
INSERT INTO PARENT_XCHGE VALUES (57,27);
INSERT INTO CATEGORY_TRANSFER VALUES (57,'DROPOFF');
INSERT INTO DISPOSITION_TRANSFER VALUES(57,'HAPPY');
INSERT INTO TRANSFER VALUES (DEFAULT,'2021-08-06','17:46:27.672908247');
INSERT INTO ATTENDANCE VALUES (58,73);
INSERT INTO PARENT_XCHGE VALUES (58,27);
INSERT INTO CATEGORY_TRANSFER VALUES (58,'PICKUP');
INSERT INTO DISPOSITION_TRANSFER VALUES (58,'EXHAUSTED');
INSERT INTO TRANSFER VALUES (DEFAULT,'2021-08-06','17:46:27.673080941');
INSERT INTO ATTENDANCE VALUES (59,64);
INSERT INTO PARENT_XCHGE VALUES (59,25);
INSERT INTO CATEGORY_TRANSFER VALUES (59,'DROPOFF');
INSERT INTO DISPOSITION_TRANSFER VALUES(59,'HAPPY');
INSERT INTO TRANSFER VALUES (DEFAULT,'2021-08-06','17:46:27.673080941');
INSERT INTO ATTENDANCE VALUES (60,64);
INSERT INTO PARENT_XCHGE VALUES (60,25);
INSERT INTO CATEGORY_TRANSFER VALUES (60,'PICKUP');
INSERT INTO DISPOSITION_TRANSFER VALUES (60,'EXHAUSTED');
INSERT INTO TRANSFER VALUES (DEFAULT,'2021-08-06','17:46:27.673196215');
INSERT INTO ATTENDANCE VALUES (61,68);
INSERT INTO PARENT_XCHGE VALUES (61,47);
INSERT INTO CATEGORY_TRANSFER VALUES (61,'DROPOFF');
INSERT INTO DISPOSITION_TRANSFER VALUES(61,'HAPPY');
INSERT INTO TRANSFER VALUES (DEFAULT,'2021-08-06','17:46:27.673196215');
INSERT INTO ATTENDANCE VALUES (62,68);
INSERT INTO PARENT_XCHGE VALUES (62,47);
INSERT INTO CATEGORY_TRANSFER VALUES (62,'PICKUP');
INSERT INTO DISPOSITION_TRANSFER VALUES (62,'EXHAUSTED');
INSERT INTO TRANSFER VALUES (DEFAULT,'2021-08-06','17:46:27.673296595');
INSERT INTO ATTENDANCE VALUES (63,81);
INSERT INTO PARENT_XCHGE VALUES (63,5);
INSERT INTO CATEGORY_TRANSFER VALUES (63,'DROPOFF');
INSERT INTO DISPOSITION_TRANSFER VALUES(63,'HAPPY');
INSERT INTO TRANSFER VALUES (DEFAULT,'2021-08-06','17:46:27.673296595');
INSERT INTO ATTENDANCE VALUES (64,81);
INSERT INTO PARENT_XCHGE VALUES (64,5);
INSERT INTO CATEGORY_TRANSFER VALUES (64,'PICKUP');
INSERT INTO DISPOSITION_TRANSFER VALUES (64,'EXHAUSTED');
INSERT INTO TRANSFER VALUES (DEFAULT,'2021-08-06','17:46:27.673404411');
INSERT INTO ATTENDANCE VALUES (65,12);
INSERT INTO PARENT_XCHGE VALUES (65,11);
INSERT INTO CATEGORY_TRANSFER VALUES (65,'DROPOFF');
INSERT INTO DISPOSITION_TRANSFER VALUES(65,'HAPPY');
INSERT INTO TRANSFER VALUES (DEFAULT,'2021-08-06','17:46:27.673404411');
INSERT INTO ATTENDANCE VALUES (66,12);
INSERT INTO PARENT_XCHGE VALUES (66,11);
INSERT INTO CATEGORY_TRANSFER VALUES (66,'PICKUP');
INSERT INTO DISPOSITION_TRANSFER VALUES (66,'EXHAUSTED');
INSERT INTO TRANSFER VALUES (DEFAULT,'2021-08-06','17:46:27.673501395');
INSERT INTO ATTENDANCE VALUES (67,67);
INSERT INTO PARENT_XCHGE VALUES (67,44);
INSERT INTO CATEGORY_TRANSFER VALUES (67,'DROPOFF');
INSERT INTO DISPOSITION_TRANSFER VALUES(67,'HAPPY');
INSERT INTO TRANSFER VALUES (DEFAULT,'2021-08-06','17:46:27.673501395');
INSERT INTO ATTENDANCE VALUES (68,67);
INSERT INTO PARENT_XCHGE VALUES (68,44);
INSERT INTO CATEGORY_TRANSFER VALUES (68,'PICKUP');
INSERT INTO DISPOSITION_TRANSFER VALUES (68,'EXHAUSTED');
INSERT INTO TRANSFER VALUES (DEFAULT,'2021-08-06','17:46:27.673596382');
INSERT INTO ATTENDANCE VALUES (69,54);
INSERT INTO PARENT_XCHGE VALUES (69,18);
INSERT INTO CATEGORY_TRANSFER VALUES (69,'DROPOFF');
INSERT INTO DISPOSITION_TRANSFER VALUES(69,'HAPPY');
INSERT INTO TRANSFER VALUES (DEFAULT,'2021-08-06','17:46:27.673596382');
INSERT INTO ATTENDANCE VALUES (70,54);
INSERT INTO PARENT_XCHGE VALUES (70,18);
INSERT INTO CATEGORY_TRANSFER VALUES (70,'PICKUP');
INSERT INTO DISPOSITION_TRANSFER VALUES (70,'EXHAUSTED');
INSERT INTO TRANSFER VALUES (DEFAULT,'2021-08-06','17:46:27.673686511');
INSERT INTO ATTENDANCE VALUES (71,6);
INSERT INTO PARENT_XCHGE VALUES (71,26);
INSERT INTO CATEGORY_TRANSFER VALUES (71,'DROPOFF');
INSERT INTO DISPOSITION_TRANSFER VALUES(71,'HAPPY');
INSERT INTO TRANSFER VALUES (DEFAULT,'2021-08-06','17:46:27.673686511');
INSERT INTO ATTENDANCE VALUES (72,6);
INSERT INTO PARENT_XCHGE VALUES (72,26);
INSERT INTO CATEGORY_TRANSFER VALUES (72,'PICKUP');
INSERT INTO DISPOSITION_TRANSFER VALUES (72,'EXHAUSTED');
INSERT INTO TRANSFER VALUES (DEFAULT,'2021-08-06','17:46:27.673781208');
INSERT INTO ATTENDANCE VALUES (73,55);
INSERT INTO PARENT_XCHGE VALUES (73,16);
INSERT INTO CATEGORY_TRANSFER VALUES (73,'DROPOFF');
INSERT INTO DISPOSITION_TRANSFER VALUES(73,'HAPPY');
INSERT INTO TRANSFER VALUES (DEFAULT,'2021-08-06','17:46:27.673781208');
INSERT INTO ATTENDANCE VALUES (74,55);
INSERT INTO PARENT_XCHGE VALUES (74,16);
INSERT INTO CATEGORY_TRANSFER VALUES (74,'PICKUP');
INSERT INTO DISPOSITION_TRANSFER VALUES (74,'EXHAUSTED');
INSERT INTO TRANSFER VALUES (DEFAULT,'2021-08-06','17:46:27.673892962');
INSERT INTO ATTENDANCE VALUES (75,37);
INSERT INTO PARENT_XCHGE VALUES (75,13);
INSERT INTO CATEGORY_TRANSFER VALUES (75,'DROPOFF');
INSERT INTO DISPOSITION_TRANSFER VALUES(75,'HAPPY');
INSERT INTO TRANSFER VALUES (DEFAULT,'2021-08-06','17:46:27.673892962');
INSERT INTO ATTENDANCE VALUES (76,37);
INSERT INTO PARENT_XCHGE VALUES (76,13);
INSERT INTO CATEGORY_TRANSFER VALUES (76,'PICKUP');
INSERT INTO DISPOSITION_TRANSFER VALUES (76,'EXHAUSTED');
INSERT INTO TRANSFER VALUES (DEFAULT,'2021-08-06','17:46:27.673988141');
INSERT INTO ATTENDANCE VALUES (77,56);
INSERT INTO PARENT_XCHGE VALUES (77,20);
INSERT INTO CATEGORY_TRANSFER VALUES (77,'DROPOFF');
INSERT INTO DISPOSITION_TRANSFER VALUES(77,'HAPPY');
INSERT INTO TRANSFER VALUES (DEFAULT,'2021-08-06','17:46:27.673988141');
INSERT INTO ATTENDANCE VALUES (78,56);
INSERT INTO PARENT_XCHGE VALUES (78,20);
INSERT INTO CATEGORY_TRANSFER VALUES (78,'PICKUP');
INSERT INTO DISPOSITION_TRANSFER VALUES (78,'EXHAUSTED');
INSERT INTO TRANSFER VALUES (DEFAULT,'2021-08-06','17:46:27.674107673');
INSERT INTO ATTENDANCE VALUES (79,83);
INSERT INTO PARENT_XCHGE VALUES (79,1);
INSERT INTO CATEGORY_TRANSFER VALUES (79,'DROPOFF');
INSERT INTO DISPOSITION_TRANSFER VALUES(79,'HAPPY');
INSERT INTO TRANSFER VALUES (DEFAULT,'2021-08-06','17:46:27.674107673');
INSERT INTO ATTENDANCE VALUES (80,83);
INSERT INTO PARENT_XCHGE VALUES (80,1);
INSERT INTO CATEGORY_TRANSFER VALUES (80,'PICKUP');
INSERT INTO DISPOSITION_TRANSFER VALUES (80,'EXHAUSTED');
INSERT INTO TRANSFER VALUES (DEFAULT,'2021-08-06','17:46:27.674200020');
INSERT INTO ATTENDANCE VALUES (81,32);
INSERT INTO PARENT_XCHGE VALUES (81,46);
INSERT INTO CATEGORY_TRANSFER VALUES (81,'DROPOFF');
INSERT INTO DISPOSITION_TRANSFER VALUES(81,'HAPPY');
INSERT INTO TRANSFER VALUES (DEFAULT,'2021-08-06','17:46:27.674200020');
INSERT INTO ATTENDANCE VALUES (82,32);
INSERT INTO PARENT_XCHGE VALUES (82,46);
INSERT INTO CATEGORY_TRANSFER VALUES (82,'PICKUP');
INSERT INTO DISPOSITION_TRANSFER VALUES (82,'EXHAUSTED');
INSERT INTO TRANSFER VALUES (DEFAULT,'2021-08-06','17:46:27.674356343');
INSERT INTO ATTENDANCE VALUES (83,77);
INSERT INTO PARENT_XCHGE VALUES (83,45);
INSERT INTO CATEGORY_TRANSFER VALUES (83,'DROPOFF');
INSERT INTO DISPOSITION_TRANSFER VALUES(83,'HAPPY');
INSERT INTO TRANSFER VALUES (DEFAULT,'2021-08-06','17:46:27.674356343');
INSERT INTO ATTENDANCE VALUES (84,77);
INSERT INTO PARENT_XCHGE VALUES (84,45);
INSERT INTO CATEGORY_TRANSFER VALUES (84,'PICKUP');
INSERT INTO DISPOSITION_TRANSFER VALUES (84,'EXHAUSTED');
INSERT INTO TRANSFER VALUES (DEFAULT,'2021-08-06','17:46:27.674456066');
INSERT INTO ATTENDANCE VALUES (85,38);
INSERT INTO PARENT_XCHGE VALUES (85,15);
INSERT INTO CATEGORY_TRANSFER VALUES (85,'DROPOFF');
INSERT INTO DISPOSITION_TRANSFER VALUES(85,'HAPPY');
INSERT INTO TRANSFER VALUES (DEFAULT,'2021-08-06','17:46:27.674456066');
INSERT INTO ATTENDANCE VALUES (86,38);
INSERT INTO PARENT_XCHGE VALUES (86,15);
INSERT INTO CATEGORY_TRANSFER VALUES (86,'PICKUP');
INSERT INTO DISPOSITION_TRANSFER VALUES (86,'EXHAUSTED');
INSERT INTO TRANSFER VALUES (DEFAULT,'2021-08-06','17:46:27.674537598');
INSERT INTO ATTENDANCE VALUES (87,56);
INSERT INTO PARENT_XCHGE VALUES (87,20);
INSERT INTO CATEGORY_TRANSFER VALUES (87,'DROPOFF');
INSERT INTO DISPOSITION_TRANSFER VALUES(87,'HAPPY');
INSERT INTO TRANSFER VALUES (DEFAULT,'2021-08-06','17:46:27.674537598');
INSERT INTO ATTENDANCE VALUES (88,56);
INSERT INTO PARENT_XCHGE VALUES (88,20);
INSERT INTO CATEGORY_TRANSFER VALUES (88,'PICKUP');
INSERT INTO DISPOSITION_TRANSFER VALUES (88,'EXHAUSTED');
INSERT INTO TRANSFER VALUES (DEFAULT,'2021-08-06','17:46:27.674621470');
INSERT INTO ATTENDANCE VALUES (89,40);
INSERT INTO PARENT_XCHGE VALUES (89,2);
INSERT INTO CATEGORY_TRANSFER VALUES (89,'DROPOFF');
INSERT INTO DISPOSITION_TRANSFER VALUES(89,'HAPPY');
INSERT INTO TRANSFER VALUES (DEFAULT,'2021-08-06','17:46:27.674621470');
INSERT INTO ATTENDANCE VALUES (90,40);
INSERT INTO PARENT_XCHGE VALUES (90,2);
INSERT INTO CATEGORY_TRANSFER VALUES (90,'PICKUP');
INSERT INTO DISPOSITION_TRANSFER VALUES (90,'EXHAUSTED');
INSERT INTO TRANSFER VALUES (DEFAULT,'2021-08-06','17:46:27.674760518');
INSERT INTO ATTENDANCE VALUES (91,87);
INSERT INTO PARENT_XCHGE VALUES (91,22);
INSERT INTO CATEGORY_TRANSFER VALUES (91,'DROPOFF');
INSERT INTO DISPOSITION_TRANSFER VALUES(91,'HAPPY');
INSERT INTO TRANSFER VALUES (DEFAULT,'2021-08-06','17:46:27.674760518');
INSERT INTO ATTENDANCE VALUES (92,87);
INSERT INTO PARENT_XCHGE VALUES (92,22);
INSERT INTO CATEGORY_TRANSFER VALUES (92,'PICKUP');
INSERT INTO DISPOSITION_TRANSFER VALUES (92,'EXHAUSTED');
INSERT INTO TRANSFER VALUES (DEFAULT,'2021-08-06','17:46:27.674841767');
INSERT INTO ATTENDANCE VALUES (93,69);
INSERT INTO PARENT_XCHGE VALUES (93,28);
INSERT INTO CATEGORY_TRANSFER VALUES (93,'DROPOFF');
INSERT INTO DISPOSITION_TRANSFER VALUES(93,'HAPPY');
INSERT INTO TRANSFER VALUES (DEFAULT,'2021-08-06','17:46:27.674841767');
INSERT INTO ATTENDANCE VALUES (94,69);
INSERT INTO PARENT_XCHGE VALUES (94,28);
INSERT INTO CATEGORY_TRANSFER VALUES (94,'PICKUP');
INSERT INTO DISPOSITION_TRANSFER VALUES (94,'EXHAUSTED');
INSERT INTO TRANSFER VALUES (DEFAULT,'2021-08-06','17:46:27.674923629');
INSERT INTO ATTENDANCE VALUES (95,7);
INSERT INTO PARENT_XCHGE VALUES (95,21);
INSERT INTO CATEGORY_TRANSFER VALUES (95,'DROPOFF');
INSERT INTO DISPOSITION_TRANSFER VALUES(95,'HAPPY');
INSERT INTO TRANSFER VALUES (DEFAULT,'2021-08-06','17:46:27.674923629');
INSERT INTO ATTENDANCE VALUES (96,7);
INSERT INTO PARENT_XCHGE VALUES (96,21);
INSERT INTO CATEGORY_TRANSFER VALUES (96,'PICKUP');
INSERT INTO DISPOSITION_TRANSFER VALUES (96,'EXHAUSTED');
INSERT INTO TRANSFER VALUES (DEFAULT,'2021-08-06','17:46:27.675008564');
INSERT INTO ATTENDANCE VALUES (97,77);
INSERT INTO PARENT_XCHGE VALUES (97,45);
INSERT INTO CATEGORY_TRANSFER VALUES (97,'DROPOFF');
INSERT INTO DISPOSITION_TRANSFER VALUES(97,'HAPPY');
INSERT INTO TRANSFER VALUES (DEFAULT,'2021-08-06','17:46:27.675008564');
INSERT INTO ATTENDANCE VALUES (98,77);
INSERT INTO PARENT_XCHGE VALUES (98,45);
INSERT INTO CATEGORY_TRANSFER VALUES (98,'PICKUP');
INSERT INTO DISPOSITION_TRANSFER VALUES (98,'EXHAUSTED');
INSERT INTO TRANSFER VALUES (DEFAULT,'2021-08-06','17:46:27.675085906');
INSERT INTO ATTENDANCE VALUES (99,8);
INSERT INTO PARENT_XCHGE VALUES (99,30);
INSERT INTO CATEGORY_TRANSFER VALUES (99,'DROPOFF');
INSERT INTO DISPOSITION_TRANSFER VALUES(99,'HAPPY');
INSERT INTO TRANSFER VALUES (DEFAULT,'2021-08-06','17:46:27.675085906');
INSERT INTO ATTENDANCE VALUES (100,8);
INSERT INTO PARENT_XCHGE VALUES (100,30);
INSERT INTO CATEGORY_TRANSFER VALUES (100,'PICKUP');
INSERT INTO DISPOSITION_TRANSFER VALUES (100,'EXHAUSTED');
INSERT INTO TRANSFER VALUES (DEFAULT,'2021-08-06','17:46:27.675257559');
INSERT INTO ATTENDANCE VALUES (101,71);
INSERT INTO PARENT_XCHGE VALUES (101,4);
INSERT INTO CATEGORY_TRANSFER VALUES (101,'DROPOFF');
INSERT INTO DISPOSITION_TRANSFER VALUES(101,'HAPPY');
INSERT INTO TRANSFER VALUES (DEFAULT,'2021-08-06','17:46:27.675257559');
INSERT INTO ATTENDANCE VALUES (102,71);
INSERT INTO PARENT_XCHGE VALUES (102,4);
INSERT INTO CATEGORY_TRANSFER VALUES (102,'PICKUP');
INSERT INTO DISPOSITION_TRANSFER VALUES (102,'EXHAUSTED');
INSERT INTO TRANSFER VALUES (DEFAULT,'2021-08-06','17:46:27.675349462');
INSERT INTO ATTENDANCE VALUES (103,75);
INSERT INTO PARENT_XCHGE VALUES (103,32);
INSERT INTO CATEGORY_TRANSFER VALUES (103,'DROPOFF');
INSERT INTO DISPOSITION_TRANSFER VALUES(103,'HAPPY');
INSERT INTO TRANSFER VALUES (DEFAULT,'2021-08-06','17:46:27.675349462');
INSERT INTO ATTENDANCE VALUES (104,75);
INSERT INTO PARENT_XCHGE VALUES (104,32);
INSERT INTO CATEGORY_TRANSFER VALUES (104,'PICKUP');
INSERT INTO DISPOSITION_TRANSFER VALUES (104,'EXHAUSTED');
INSERT INTO TRANSFER VALUES (DEFAULT,'2021-08-06','17:46:27.675623337');
INSERT INTO ATTENDANCE VALUES (105,31);
INSERT INTO PARENT_XCHGE VALUES (105,13);
INSERT INTO CATEGORY_TRANSFER VALUES (105,'DROPOFF');
INSERT INTO DISPOSITION_TRANSFER VALUES(105,'HAPPY');
INSERT INTO TRANSFER VALUES (DEFAULT,'2021-08-06','17:46:27.675623337');
INSERT INTO ATTENDANCE VALUES (106,31);
INSERT INTO PARENT_XCHGE VALUES (106,13);
INSERT INTO CATEGORY_TRANSFER VALUES (106,'PICKUP');
INSERT INTO DISPOSITION_TRANSFER VALUES (106,'EXHAUSTED');
INSERT INTO TRANSFER VALUES (DEFAULT,'2021-08-06','17:46:27.675704634');
INSERT INTO ATTENDANCE VALUES (107,24);
INSERT INTO PARENT_XCHGE VALUES (107,24);
INSERT INTO CATEGORY_TRANSFER VALUES (107,'DROPOFF');
INSERT INTO DISPOSITION_TRANSFER VALUES(107,'HAPPY');
INSERT INTO TRANSFER VALUES (DEFAULT,'2021-08-06','17:46:27.675704634');
INSERT INTO ATTENDANCE VALUES (108,24);
INSERT INTO PARENT_XCHGE VALUES (108,24);
INSERT INTO CATEGORY_TRANSFER VALUES (108,'PICKUP');
INSERT INTO DISPOSITION_TRANSFER VALUES (108,'EXHAUSTED');
INSERT INTO TRANSFER VALUES (DEFAULT,'2021-08-06','17:46:27.675794480');
INSERT INTO ATTENDANCE VALUES (109,46);
INSERT INTO PARENT_XCHGE VALUES (109,14);
INSERT INTO CATEGORY_TRANSFER VALUES (109,'DROPOFF');
INSERT INTO DISPOSITION_TRANSFER VALUES(109,'HAPPY');
INSERT INTO TRANSFER VALUES (DEFAULT,'2021-08-06','17:46:27.675794480');
INSERT INTO ATTENDANCE VALUES (110,46);
INSERT INTO PARENT_XCHGE VALUES (110,14);
INSERT INTO CATEGORY_TRANSFER VALUES (110,'PICKUP');
INSERT INTO DISPOSITION_TRANSFER VALUES (110,'EXHAUSTED');
INSERT INTO TRANSFER VALUES (DEFAULT,'2021-08-06','17:46:27.675877460');
INSERT INTO ATTENDANCE VALUES (111,76);
INSERT INTO PARENT_XCHGE VALUES (111,24);
INSERT INTO CATEGORY_TRANSFER VALUES (111,'DROPOFF');
INSERT INTO DISPOSITION_TRANSFER VALUES(111,'HAPPY');
INSERT INTO TRANSFER VALUES (DEFAULT,'2021-08-06','17:46:27.675877460');
INSERT INTO ATTENDANCE VALUES (112,76);
INSERT INTO PARENT_XCHGE VALUES (112,24);
INSERT INTO CATEGORY_TRANSFER VALUES (112,'PICKUP');
INSERT INTO DISPOSITION_TRANSFER VALUES (112,'EXHAUSTED');
INSERT INTO TRANSFER VALUES (DEFAULT,'2021-08-06','17:46:27.675959907');
INSERT INTO ATTENDANCE VALUES (113,6);
INSERT INTO PARENT_XCHGE VALUES (113,26);
INSERT INTO CATEGORY_TRANSFER VALUES (113,'DROPOFF');
INSERT INTO DISPOSITION_TRANSFER VALUES(113,'HAPPY');
INSERT INTO TRANSFER VALUES (DEFAULT,'2021-08-06','17:46:27.675959907');
INSERT INTO ATTENDANCE VALUES (114,6);
INSERT INTO PARENT_XCHGE VALUES (114,26);
INSERT INTO CATEGORY_TRANSFER VALUES (114,'PICKUP');
INSERT INTO DISPOSITION_TRANSFER VALUES (114,'EXHAUSTED');
INSERT INTO TRANSFER VALUES (DEFAULT,'2021-08-06','17:46:27.676032852');
INSERT INTO ATTENDANCE VALUES (115,36);
INSERT INTO PARENT_XCHGE VALUES (115,12);
INSERT INTO CATEGORY_TRANSFER VALUES (115,'DROPOFF');
INSERT INTO DISPOSITION_TRANSFER VALUES(115,'HAPPY');
INSERT INTO TRANSFER VALUES (DEFAULT,'2021-08-06','17:46:27.676032852');
INSERT INTO ATTENDANCE VALUES (116,36);
INSERT INTO PARENT_XCHGE VALUES (116,12);
INSERT INTO CATEGORY_TRANSFER VALUES (116,'PICKUP');
INSERT INTO DISPOSITION_TRANSFER VALUES (116,'EXHAUSTED');
INSERT INTO TRANSFER VALUES (DEFAULT,'2021-08-06','17:46:27.676117685');
INSERT INTO ATTENDANCE VALUES (117,59);
INSERT INTO PARENT_XCHGE VALUES (117,31);
INSERT INTO CATEGORY_TRANSFER VALUES (117,'DROPOFF');
INSERT INTO DISPOSITION_TRANSFER VALUES(117,'HAPPY');
INSERT INTO TRANSFER VALUES (DEFAULT,'2021-08-06','17:46:27.676117685');
INSERT INTO ATTENDANCE VALUES (118,59);
INSERT INTO PARENT_XCHGE VALUES (118,31);
INSERT INTO CATEGORY_TRANSFER VALUES (118,'PICKUP');
INSERT INTO DISPOSITION_TRANSFER VALUES (118,'EXHAUSTED');
INSERT INTO TRANSFER VALUES (DEFAULT,'2021-08-06','17:46:27.676189780');
INSERT INTO ATTENDANCE VALUES (119,81);
INSERT INTO PARENT_XCHGE VALUES (119,5);
INSERT INTO CATEGORY_TRANSFER VALUES (119,'DROPOFF');
INSERT INTO DISPOSITION_TRANSFER VALUES(119,'HAPPY');
INSERT INTO TRANSFER VALUES (DEFAULT,'2021-08-06','17:46:27.676189780');
INSERT INTO ATTENDANCE VALUES (120,81);
INSERT INTO PARENT_XCHGE VALUES (120,5);
INSERT INTO CATEGORY_TRANSFER VALUES (120,'PICKUP');
INSERT INTO DISPOSITION_TRANSFER VALUES (120,'EXHAUSTED');
INSERT INTO TRANSFER VALUES (DEFAULT,'2021-08-06','17:46:27.676264570');
INSERT INTO ATTENDANCE VALUES (121,26);
INSERT INTO PARENT_XCHGE VALUES (121,8);
INSERT INTO CATEGORY_TRANSFER VALUES (121,'DROPOFF');
INSERT INTO DISPOSITION_TRANSFER VALUES(121,'HAPPY');
INSERT INTO TRANSFER VALUES (DEFAULT,'2021-08-06','17:46:27.676264570');
INSERT INTO ATTENDANCE VALUES (122,26);
INSERT INTO PARENT_XCHGE VALUES (122,8);
INSERT INTO CATEGORY_TRANSFER VALUES (122,'PICKUP');
INSERT INTO DISPOSITION_TRANSFER VALUES (122,'EXHAUSTED');
INSERT INTO TRANSFER VALUES (DEFAULT,'2021-08-06','17:46:27.676395689');
INSERT INTO ATTENDANCE VALUES (123,88);
INSERT INTO PARENT_XCHGE VALUES (123,18);
INSERT INTO CATEGORY_TRANSFER VALUES (123,'DROPOFF');
INSERT INTO DISPOSITION_TRANSFER VALUES(123,'HAPPY');
INSERT INTO TRANSFER VALUES (DEFAULT,'2021-08-06','17:46:27.676395689');
INSERT INTO ATTENDANCE VALUES (124,88);
INSERT INTO PARENT_XCHGE VALUES (124,18);
INSERT INTO CATEGORY_TRANSFER VALUES (124,'PICKUP');
INSERT INTO DISPOSITION_TRANSFER VALUES (124,'EXHAUSTED');
INSERT INTO TRANSFER VALUES (DEFAULT,'2021-08-06','17:46:27.676472509');
INSERT INTO ATTENDANCE VALUES (125,45);
INSERT INTO PARENT_XCHGE VALUES (125,31);
INSERT INTO CATEGORY_TRANSFER VALUES (125,'DROPOFF');
INSERT INTO DISPOSITION_TRANSFER VALUES(125,'HAPPY');
INSERT INTO TRANSFER VALUES (DEFAULT,'2021-08-06','17:46:27.676472509');
INSERT INTO ATTENDANCE VALUES (126,45);
INSERT INTO PARENT_XCHGE VALUES (126,31);
INSERT INTO CATEGORY_TRANSFER VALUES (126,'PICKUP');
INSERT INTO DISPOSITION_TRANSFER VALUES (126,'EXHAUSTED');
INSERT INTO TRANSFER VALUES (DEFAULT,'2021-08-06','17:46:27.676540109');
INSERT INTO ATTENDANCE VALUES (127,42);
INSERT INTO PARENT_XCHGE VALUES (127,44);
INSERT INTO CATEGORY_TRANSFER VALUES (127,'DROPOFF');
INSERT INTO DISPOSITION_TRANSFER VALUES(127,'HAPPY');
INSERT INTO TRANSFER VALUES (DEFAULT,'2021-08-06','17:46:27.676540109');
INSERT INTO ATTENDANCE VALUES (128,42);
INSERT INTO PARENT_XCHGE VALUES (128,44);
INSERT INTO CATEGORY_TRANSFER VALUES (128,'PICKUP');
INSERT INTO DISPOSITION_TRANSFER VALUES (128,'EXHAUSTED');
INSERT INTO TRANSFER VALUES (DEFAULT,'2021-08-06','17:46:27.676608457');
INSERT INTO ATTENDANCE VALUES (129,94);
INSERT INTO PARENT_XCHGE VALUES (129,48);
INSERT INTO CATEGORY_TRANSFER VALUES (129,'DROPOFF');
INSERT INTO DISPOSITION_TRANSFER VALUES(129,'HAPPY');
INSERT INTO TRANSFER VALUES (DEFAULT,'2021-08-06','17:46:27.676608457');
INSERT INTO ATTENDANCE VALUES (130,94);
INSERT INTO PARENT_XCHGE VALUES (130,48);
INSERT INTO CATEGORY_TRANSFER VALUES (130,'PICKUP');
INSERT INTO DISPOSITION_TRANSFER VALUES (130,'EXHAUSTED');
INSERT INTO TRANSFER VALUES (DEFAULT,'2021-08-06','17:46:27.676687123');
INSERT INTO ATTENDANCE VALUES (131,27);
INSERT INTO PARENT_XCHGE VALUES (131,6);
INSERT INTO CATEGORY_TRANSFER VALUES (131,'DROPOFF');
INSERT INTO DISPOSITION_TRANSFER VALUES(131,'HAPPY');
INSERT INTO TRANSFER VALUES (DEFAULT,'2021-08-06','17:46:27.676687123');
INSERT INTO ATTENDANCE VALUES (132,27);
INSERT INTO PARENT_XCHGE VALUES (132,6);
INSERT INTO CATEGORY_TRANSFER VALUES (132,'PICKUP');
INSERT INTO DISPOSITION_TRANSFER VALUES (132,'EXHAUSTED');
INSERT INTO TRANSFER VALUES (DEFAULT,'2021-08-06','17:46:27.676764588');
INSERT INTO ATTENDANCE VALUES (133,14);
INSERT INTO PARENT_XCHGE VALUES (133,26);
INSERT INTO CATEGORY_TRANSFER VALUES (133,'DROPOFF');
INSERT INTO DISPOSITION_TRANSFER VALUES(133,'HAPPY');
INSERT INTO TRANSFER VALUES (DEFAULT,'2021-08-06','17:46:27.676764588');
INSERT INTO ATTENDANCE VALUES (134,14);
INSERT INTO PARENT_XCHGE VALUES (134,26);
INSERT INTO CATEGORY_TRANSFER VALUES (134,'PICKUP');
INSERT INTO DISPOSITION_TRANSFER VALUES (134,'EXHAUSTED');
INSERT INTO TRANSFER VALUES (DEFAULT,'2021-08-06','17:46:27.676840651');
INSERT INTO ATTENDANCE VALUES (135,65);
INSERT INTO PARENT_XCHGE VALUES (135,42);
INSERT INTO CATEGORY_TRANSFER VALUES (135,'DROPOFF');
INSERT INTO DISPOSITION_TRANSFER VALUES(135,'HAPPY');
INSERT INTO TRANSFER VALUES (DEFAULT,'2021-08-06','17:46:27.676840651');
INSERT INTO ATTENDANCE VALUES (136,65);
INSERT INTO PARENT_XCHGE VALUES (136,42);
INSERT INTO CATEGORY_TRANSFER VALUES (136,'PICKUP');
INSERT INTO DISPOSITION_TRANSFER VALUES (136,'EXHAUSTED');
INSERT INTO TRANSFER VALUES (DEFAULT,'2021-08-06','17:46:27.676921123');
INSERT INTO ATTENDANCE VALUES (137,7);
INSERT INTO PARENT_XCHGE VALUES (137,21);
INSERT INTO CATEGORY_TRANSFER VALUES (137,'DROPOFF');
INSERT INTO DISPOSITION_TRANSFER VALUES(137,'HAPPY');
INSERT INTO TRANSFER VALUES (DEFAULT,'2021-08-06','17:46:27.676921123');
INSERT INTO ATTENDANCE VALUES (138,7);
INSERT INTO PARENT_XCHGE VALUES (138,21);
INSERT INTO CATEGORY_TRANSFER VALUES (138,'PICKUP');
INSERT INTO DISPOSITION_TRANSFER VALUES (138,'EXHAUSTED');
INSERT INTO TRANSFER VALUES (DEFAULT,'2021-08-06','17:46:27.676982912');
INSERT INTO ATTENDANCE VALUES (139,65);
INSERT INTO PARENT_XCHGE VALUES (139,42);
INSERT INTO CATEGORY_TRANSFER VALUES (139,'DROPOFF');
INSERT INTO DISPOSITION_TRANSFER VALUES(139,'HAPPY');
INSERT INTO TRANSFER VALUES (DEFAULT,'2021-08-06','17:46:27.676982912');
INSERT INTO ATTENDANCE VALUES (140,65);
INSERT INTO PARENT_XCHGE VALUES (140,42);
INSERT INTO CATEGORY_TRANSFER VALUES (140,'PICKUP');
INSERT INTO DISPOSITION_TRANSFER VALUES (140,'EXHAUSTED');
INSERT INTO TRANSFER VALUES (DEFAULT,'2021-08-06','17:46:27.677043863');
INSERT INTO ATTENDANCE VALUES (141,42);
INSERT INTO PARENT_XCHGE VALUES (141,44);
INSERT INTO CATEGORY_TRANSFER VALUES (141,'DROPOFF');
INSERT INTO DISPOSITION_TRANSFER VALUES(141,'HAPPY');
INSERT INTO TRANSFER VALUES (DEFAULT,'2021-08-06','17:46:27.677043863');
INSERT INTO ATTENDANCE VALUES (142,42);
INSERT INTO PARENT_XCHGE VALUES (142,44);
INSERT INTO CATEGORY_TRANSFER VALUES (142,'PICKUP');
INSERT INTO DISPOSITION_TRANSFER VALUES (142,'EXHAUSTED');
INSERT INTO TRANSFER VALUES (DEFAULT,'2021-08-06','17:46:27.677107385');
INSERT INTO ATTENDANCE VALUES (143,75);
INSERT INTO PARENT_XCHGE VALUES (143,32);
INSERT INTO CATEGORY_TRANSFER VALUES (143,'DROPOFF');
INSERT INTO DISPOSITION_TRANSFER VALUES(143,'HAPPY');
INSERT INTO TRANSFER VALUES (DEFAULT,'2021-08-06','17:46:27.677107385');
INSERT INTO ATTENDANCE VALUES (144,75);
INSERT INTO PARENT_XCHGE VALUES (144,32);
INSERT INTO CATEGORY_TRANSFER VALUES (144,'PICKUP');
INSERT INTO DISPOSITION_TRANSFER VALUES (144,'EXHAUSTED');
INSERT INTO TRANSFER VALUES (DEFAULT,'2021-08-06','17:46:27.677164597');
INSERT INTO ATTENDANCE VALUES (145,9);
INSERT INTO PARENT_XCHGE VALUES (145,40);
INSERT INTO CATEGORY_TRANSFER VALUES (145,'DROPOFF');
INSERT INTO DISPOSITION_TRANSFER VALUES(145,'HAPPY');
INSERT INTO TRANSFER VALUES (DEFAULT,'2021-08-06','17:46:27.677164597');
INSERT INTO ATTENDANCE VALUES (146,9);
INSERT INTO PARENT_XCHGE VALUES (146,40);
INSERT INTO CATEGORY_TRANSFER VALUES (146,'PICKUP');
INSERT INTO DISPOSITION_TRANSFER VALUES (146,'EXHAUSTED');
INSERT INTO TRANSFER VALUES (DEFAULT,'2021-08-06','17:46:27.677218202');
INSERT INTO ATTENDANCE VALUES (147,15);
INSERT INTO PARENT_XCHGE VALUES (147,3);
INSERT INTO CATEGORY_TRANSFER VALUES (147,'DROPOFF');
INSERT INTO DISPOSITION_TRANSFER VALUES(147,'HAPPY');
INSERT INTO TRANSFER VALUES (DEFAULT,'2021-08-06','17:46:27.677218202');
INSERT INTO ATTENDANCE VALUES (148,15);
INSERT INTO PARENT_XCHGE VALUES (148,3);
INSERT INTO CATEGORY_TRANSFER VALUES (148,'PICKUP');
INSERT INTO DISPOSITION_TRANSFER VALUES (148,'EXHAUSTED');
INSERT INTO TRANSFER VALUES (DEFAULT,'2021-08-06','17:46:27.677274232');
INSERT INTO ATTENDANCE VALUES (149,15);
INSERT INTO PARENT_XCHGE VALUES (149,3);
INSERT INTO CATEGORY_TRANSFER VALUES (149,'DROPOFF');
INSERT INTO DISPOSITION_TRANSFER VALUES(149,'HAPPY');
INSERT INTO TRANSFER VALUES (DEFAULT,'2021-08-06','17:46:27.677274232');
INSERT INTO ATTENDANCE VALUES (150,15);
INSERT INTO PARENT_XCHGE VALUES (150,3);
INSERT INTO CATEGORY_TRANSFER VALUES (150,'PICKUP');
INSERT INTO DISPOSITION_TRANSFER VALUES (150,'EXHAUSTED');
INSERT INTO TRANSFER VALUES (DEFAULT,'2021-08-06','17:46:27.677516634');
INSERT INTO ATTENDANCE VALUES (151,79);
INSERT INTO PARENT_XCHGE VALUES (151,23);
INSERT INTO CATEGORY_TRANSFER VALUES (151,'DROPOFF');
INSERT INTO DISPOSITION_TRANSFER VALUES(151,'HAPPY');
INSERT INTO TRANSFER VALUES (DEFAULT,'2021-08-06','17:46:27.677516634');
INSERT INTO ATTENDANCE VALUES (152,79);
INSERT INTO PARENT_XCHGE VALUES (152,23);
INSERT INTO CATEGORY_TRANSFER VALUES (152,'PICKUP');
INSERT INTO DISPOSITION_TRANSFER VALUES (152,'EXHAUSTED');
INSERT INTO TRANSFER VALUES (DEFAULT,'2021-08-06','17:46:27.677625247');
INSERT INTO ATTENDANCE VALUES (153,92);
INSERT INTO PARENT_XCHGE VALUES (153,2);
INSERT INTO CATEGORY_TRANSFER VALUES (153,'DROPOFF');
INSERT INTO DISPOSITION_TRANSFER VALUES(153,'HAPPY');
INSERT INTO TRANSFER VALUES (DEFAULT,'2021-08-06','17:46:27.677625247');
INSERT INTO ATTENDANCE VALUES (154,92);
INSERT INTO PARENT_XCHGE VALUES (154,2);
INSERT INTO CATEGORY_TRANSFER VALUES (154,'PICKUP');
INSERT INTO DISPOSITION_TRANSFER VALUES (154,'EXHAUSTED');
INSERT INTO TRANSFER VALUES (DEFAULT,'2021-08-06','17:46:27.677679117');
INSERT INTO ATTENDANCE VALUES (155,7);
INSERT INTO PARENT_XCHGE VALUES (155,21);
INSERT INTO CATEGORY_TRANSFER VALUES (155,'DROPOFF');
INSERT INTO DISPOSITION_TRANSFER VALUES(155,'HAPPY');
INSERT INTO TRANSFER VALUES (DEFAULT,'2021-08-06','17:46:27.677679117');
INSERT INTO ATTENDANCE VALUES (156,7);
INSERT INTO PARENT_XCHGE VALUES (156,21);
INSERT INTO CATEGORY_TRANSFER VALUES (156,'PICKUP');
INSERT INTO DISPOSITION_TRANSFER VALUES (156,'EXHAUSTED');
INSERT INTO TRANSFER VALUES (DEFAULT,'2021-08-06','17:46:27.677753567');
INSERT INTO ATTENDANCE VALUES (157,2);
INSERT INTO PARENT_XCHGE VALUES (157,4);
INSERT INTO CATEGORY_TRANSFER VALUES (157,'DROPOFF');
INSERT INTO DISPOSITION_TRANSFER VALUES(157,'HAPPY');
INSERT INTO TRANSFER VALUES (DEFAULT,'2021-08-06','17:46:27.677753567');
INSERT INTO ATTENDANCE VALUES (158,2);
INSERT INTO PARENT_XCHGE VALUES (158,4);
INSERT INTO CATEGORY_TRANSFER VALUES (158,'PICKUP');
INSERT INTO DISPOSITION_TRANSFER VALUES (158,'EXHAUSTED');
INSERT INTO TRANSFER VALUES (DEFAULT,'2021-08-06','17:46:27.677802516');
INSERT INTO ATTENDANCE VALUES (159,96);
INSERT INTO PARENT_XCHGE VALUES (159,33);
INSERT INTO CATEGORY_TRANSFER VALUES (159,'DROPOFF');
INSERT INTO DISPOSITION_TRANSFER VALUES(159,'HAPPY');
INSERT INTO TRANSFER VALUES (DEFAULT,'2021-08-06','17:46:27.677802516');
INSERT INTO ATTENDANCE VALUES (160,96);
INSERT INTO PARENT_XCHGE VALUES (160,33);
INSERT INTO CATEGORY_TRANSFER VALUES (160,'PICKUP');
INSERT INTO DISPOSITION_TRANSFER VALUES (160,'EXHAUSTED');
INSERT INTO TRANSFER VALUES (DEFAULT,'2021-08-06','17:46:27.677850761');
INSERT INTO ATTENDANCE VALUES (161,85);
INSERT INTO PARENT_XCHGE VALUES (161,22);
INSERT INTO CATEGORY_TRANSFER VALUES (161,'DROPOFF');
INSERT INTO DISPOSITION_TRANSFER VALUES(161,'HAPPY');
INSERT INTO TRANSFER VALUES (DEFAULT,'2021-08-06','17:46:27.677850761');
INSERT INTO ATTENDANCE VALUES (162,85);
INSERT INTO PARENT_XCHGE VALUES (162,22);
INSERT INTO CATEGORY_TRANSFER VALUES (162,'PICKUP');
INSERT INTO DISPOSITION_TRANSFER VALUES (162,'EXHAUSTED');
INSERT INTO TRANSFER VALUES (DEFAULT,'2021-08-06','17:46:27.677899115');
INSERT INTO ATTENDANCE VALUES (163,26);
INSERT INTO PARENT_XCHGE VALUES (163,8);
INSERT INTO CATEGORY_TRANSFER VALUES (163,'DROPOFF');
INSERT INTO DISPOSITION_TRANSFER VALUES(163,'HAPPY');
INSERT INTO TRANSFER VALUES (DEFAULT,'2021-08-06','17:46:27.677899115');
INSERT INTO ATTENDANCE VALUES (164,26);
INSERT INTO PARENT_XCHGE VALUES (164,8);
INSERT INTO CATEGORY_TRANSFER VALUES (164,'PICKUP');
INSERT INTO DISPOSITION_TRANSFER VALUES (164,'EXHAUSTED');
INSERT INTO TRANSFER VALUES (DEFAULT,'2021-08-06','17:46:27.677946983');
INSERT INTO ATTENDANCE VALUES (165,23);
INSERT INTO PARENT_XCHGE VALUES (165,10);
INSERT INTO CATEGORY_TRANSFER VALUES (165,'DROPOFF');
INSERT INTO DISPOSITION_TRANSFER VALUES(165,'HAPPY');
INSERT INTO TRANSFER VALUES (DEFAULT,'2021-08-06','17:46:27.677946983');
INSERT INTO ATTENDANCE VALUES (166,23);
INSERT INTO PARENT_XCHGE VALUES (166,10);
INSERT INTO CATEGORY_TRANSFER VALUES (166,'PICKUP');
INSERT INTO DISPOSITION_TRANSFER VALUES (166,'EXHAUSTED');
INSERT INTO TRANSFER VALUES (DEFAULT,'2021-08-06','17:46:27.677995096');
INSERT INTO ATTENDANCE VALUES (167,61);
INSERT INTO PARENT_XCHGE VALUES (167,29);
INSERT INTO CATEGORY_TRANSFER VALUES (167,'DROPOFF');
INSERT INTO DISPOSITION_TRANSFER VALUES(167,'HAPPY');
INSERT INTO TRANSFER VALUES (DEFAULT,'2021-08-06','17:46:27.677995096');
INSERT INTO ATTENDANCE VALUES (168,61);
INSERT INTO PARENT_XCHGE VALUES (168,29);
INSERT INTO CATEGORY_TRANSFER VALUES (168,'PICKUP');
INSERT INTO DISPOSITION_TRANSFER VALUES (168,'EXHAUSTED');
INSERT INTO TRANSFER VALUES (DEFAULT,'2021-08-06','17:46:27.678041864');
INSERT INTO ATTENDANCE VALUES (169,31);
INSERT INTO PARENT_XCHGE VALUES (169,13);
INSERT INTO CATEGORY_TRANSFER VALUES (169,'DROPOFF');
INSERT INTO DISPOSITION_TRANSFER VALUES(169,'HAPPY');
INSERT INTO TRANSFER VALUES (DEFAULT,'2021-08-06','17:46:27.678041864');
INSERT INTO ATTENDANCE VALUES (170,31);
INSERT INTO PARENT_XCHGE VALUES (170,13);
INSERT INTO CATEGORY_TRANSFER VALUES (170,'PICKUP');
INSERT INTO DISPOSITION_TRANSFER VALUES (170,'EXHAUSTED');
INSERT INTO TRANSFER VALUES (DEFAULT,'2021-08-06','17:46:27.678090676');
INSERT INTO ATTENDANCE VALUES (171,11);
INSERT INTO PARENT_XCHGE VALUES (171,3);
INSERT INTO CATEGORY_TRANSFER VALUES (171,'DROPOFF');
INSERT INTO DISPOSITION_TRANSFER VALUES(171,'HAPPY');
INSERT INTO TRANSFER VALUES (DEFAULT,'2021-08-06','17:46:27.678090676');
INSERT INTO ATTENDANCE VALUES (172,11);
INSERT INTO PARENT_XCHGE VALUES (172,3);
INSERT INTO CATEGORY_TRANSFER VALUES (172,'PICKUP');
INSERT INTO DISPOSITION_TRANSFER VALUES (172,'EXHAUSTED');
INSERT INTO TRANSFER VALUES (DEFAULT,'2021-08-06','17:46:27.678136437');
INSERT INTO ATTENDANCE VALUES (173,77);
INSERT INTO PARENT_XCHGE VALUES (173,45);
INSERT INTO CATEGORY_TRANSFER VALUES (173,'DROPOFF');
INSERT INTO DISPOSITION_TRANSFER VALUES(173,'HAPPY');
INSERT INTO TRANSFER VALUES (DEFAULT,'2021-08-06','17:46:27.678136437');
INSERT INTO ATTENDANCE VALUES (174,77);
INSERT INTO PARENT_XCHGE VALUES (174,45);
INSERT INTO CATEGORY_TRANSFER VALUES (174,'PICKUP');
INSERT INTO DISPOSITION_TRANSFER VALUES (174,'EXHAUSTED');
INSERT INTO TRANSFER VALUES (DEFAULT,'2021-08-06','17:46:27.678196308');
INSERT INTO ATTENDANCE VALUES (175,31);
INSERT INTO PARENT_XCHGE VALUES (175,13);
INSERT INTO CATEGORY_TRANSFER VALUES (175,'DROPOFF');
INSERT INTO DISPOSITION_TRANSFER VALUES(175,'HAPPY');
INSERT INTO TRANSFER VALUES (DEFAULT,'2021-08-06','17:46:27.678196308');
INSERT INTO ATTENDANCE VALUES (176,31);
INSERT INTO PARENT_XCHGE VALUES (176,13);
INSERT INTO CATEGORY_TRANSFER VALUES (176,'PICKUP');
INSERT INTO DISPOSITION_TRANSFER VALUES (176,'EXHAUSTED');
INSERT INTO TRANSFER VALUES (DEFAULT,'2021-08-06','17:46:27.678241891');
INSERT INTO ATTENDANCE VALUES (177,42);
INSERT INTO PARENT_XCHGE VALUES (177,44);
INSERT INTO CATEGORY_TRANSFER VALUES (177,'DROPOFF');
INSERT INTO DISPOSITION_TRANSFER VALUES(177,'HAPPY');
INSERT INTO TRANSFER VALUES (DEFAULT,'2021-08-06','17:46:27.678241891');
INSERT INTO ATTENDANCE VALUES (178,42);
INSERT INTO PARENT_XCHGE VALUES (178,44);
INSERT INTO CATEGORY_TRANSFER VALUES (178,'PICKUP');
INSERT INTO DISPOSITION_TRANSFER VALUES (178,'EXHAUSTED');
INSERT INTO TRANSFER VALUES (DEFAULT,'2021-08-06','17:46:27.678293235');
INSERT INTO ATTENDANCE VALUES (179,73);
INSERT INTO PARENT_XCHGE VALUES (179,27);
INSERT INTO CATEGORY_TRANSFER VALUES (179,'DROPOFF');
INSERT INTO DISPOSITION_TRANSFER VALUES(179,'HAPPY');
INSERT INTO TRANSFER VALUES (DEFAULT,'2021-08-06','17:46:27.678293235');
INSERT INTO ATTENDANCE VALUES (180,73);
INSERT INTO PARENT_XCHGE VALUES (180,27);
INSERT INTO CATEGORY_TRANSFER VALUES (180,'PICKUP');
INSERT INTO DISPOSITION_TRANSFER VALUES (180,'EXHAUSTED');
INSERT INTO TRANSFER VALUES (DEFAULT,'2021-08-06','17:46:27.678338203');
INSERT INTO ATTENDANCE VALUES (181,93);
INSERT INTO PARENT_XCHGE VALUES (181,17);
INSERT INTO CATEGORY_TRANSFER VALUES (181,'DROPOFF');
INSERT INTO DISPOSITION_TRANSFER VALUES(181,'HAPPY');
INSERT INTO TRANSFER VALUES (DEFAULT,'2021-08-06','17:46:27.678338203');
INSERT INTO ATTENDANCE VALUES (182,93);
INSERT INTO PARENT_XCHGE VALUES (182,17);
INSERT INTO CATEGORY_TRANSFER VALUES (182,'PICKUP');
INSERT INTO DISPOSITION_TRANSFER VALUES (182,'EXHAUSTED');
INSERT INTO TRANSFER VALUES (DEFAULT,'2021-08-06','17:46:27.678381714');
INSERT INTO ATTENDANCE VALUES (183,50);
INSERT INTO PARENT_XCHGE VALUES (183,20);
INSERT INTO CATEGORY_TRANSFER VALUES (183,'DROPOFF');
INSERT INTO DISPOSITION_TRANSFER VALUES(183,'HAPPY');
INSERT INTO TRANSFER VALUES (DEFAULT,'2021-08-06','17:46:27.678381714');
INSERT INTO ATTENDANCE VALUES (184,50);
INSERT INTO PARENT_XCHGE VALUES (184,20);
INSERT INTO CATEGORY_TRANSFER VALUES (184,'PICKUP');
INSERT INTO DISPOSITION_TRANSFER VALUES (184,'EXHAUSTED');
INSERT INTO TRANSFER VALUES (DEFAULT,'2021-08-06','17:46:27.678471793');
INSERT INTO ATTENDANCE VALUES (185,71);
INSERT INTO PARENT_XCHGE VALUES (185,4);
INSERT INTO CATEGORY_TRANSFER VALUES (185,'DROPOFF');
INSERT INTO DISPOSITION_TRANSFER VALUES(185,'HAPPY');
INSERT INTO TRANSFER VALUES (DEFAULT,'2021-08-06','17:46:27.678471793');
INSERT INTO ATTENDANCE VALUES (186,71);
INSERT INTO PARENT_XCHGE VALUES (186,4);
INSERT INTO CATEGORY_TRANSFER VALUES (186,'PICKUP');
INSERT INTO DISPOSITION_TRANSFER VALUES (186,'EXHAUSTED');
INSERT INTO TRANSFER VALUES (DEFAULT,'2021-08-06','17:46:27.678515393');
INSERT INTO ATTENDANCE VALUES (187,38);
INSERT INTO PARENT_XCHGE VALUES (187,15);
INSERT INTO CATEGORY_TRANSFER VALUES (187,'DROPOFF');
INSERT INTO DISPOSITION_TRANSFER VALUES(187,'HAPPY');
INSERT INTO TRANSFER VALUES (DEFAULT,'2021-08-06','17:46:27.678515393');
INSERT INTO ATTENDANCE VALUES (188,38);
INSERT INTO PARENT_XCHGE VALUES (188,15);
INSERT INTO CATEGORY_TRANSFER VALUES (188,'PICKUP');
INSERT INTO DISPOSITION_TRANSFER VALUES (188,'EXHAUSTED');
INSERT INTO TRANSFER VALUES (DEFAULT,'2021-08-06','17:46:27.678558785');
INSERT INTO ATTENDANCE VALUES (189,24);
INSERT INTO PARENT_XCHGE VALUES (189,24);
INSERT INTO CATEGORY_TRANSFER VALUES (189,'DROPOFF');
INSERT INTO DISPOSITION_TRANSFER VALUES(189,'HAPPY');
INSERT INTO TRANSFER VALUES (DEFAULT,'2021-08-06','17:46:27.678558785');
INSERT INTO ATTENDANCE VALUES (190,24);
INSERT INTO PARENT_XCHGE VALUES (190,24);
INSERT INTO CATEGORY_TRANSFER VALUES (190,'PICKUP');
INSERT INTO DISPOSITION_TRANSFER VALUES (190,'EXHAUSTED');
INSERT INTO TRANSFER VALUES (DEFAULT,'2021-08-06','17:46:27.678611222');
INSERT INTO ATTENDANCE VALUES (191,4);
INSERT INTO PARENT_XCHGE VALUES (191,11);
INSERT INTO CATEGORY_TRANSFER VALUES (191,'DROPOFF');
INSERT INTO DISPOSITION_TRANSFER VALUES(191,'HAPPY');
INSERT INTO TRANSFER VALUES (DEFAULT,'2021-08-06','17:46:27.678611222');
INSERT INTO ATTENDANCE VALUES (192,4);
INSERT INTO PARENT_XCHGE VALUES (192,11);
INSERT INTO CATEGORY_TRANSFER VALUES (192,'PICKUP');
INSERT INTO DISPOSITION_TRANSFER VALUES (192,'EXHAUSTED');
INSERT INTO TRANSFER VALUES (DEFAULT,'2021-08-06','17:46:27.678664157');
INSERT INTO ATTENDANCE VALUES (193,81);
INSERT INTO PARENT_XCHGE VALUES (193,5);
INSERT INTO CATEGORY_TRANSFER VALUES (193,'DROPOFF');
INSERT INTO DISPOSITION_TRANSFER VALUES(193,'HAPPY');
INSERT INTO TRANSFER VALUES (DEFAULT,'2021-08-06','17:46:27.678664157');
INSERT INTO ATTENDANCE VALUES (194,81);
INSERT INTO PARENT_XCHGE VALUES (194,5);
INSERT INTO CATEGORY_TRANSFER VALUES (194,'PICKUP');
INSERT INTO DISPOSITION_TRANSFER VALUES (194,'EXHAUSTED');
INSERT INTO TRANSFER VALUES (DEFAULT,'2021-08-06','17:46:27.678714656');
INSERT INTO ATTENDANCE VALUES (195,12);
INSERT INTO PARENT_XCHGE VALUES (195,11);
INSERT INTO CATEGORY_TRANSFER VALUES (195,'DROPOFF');
INSERT INTO DISPOSITION_TRANSFER VALUES(195,'HAPPY');
INSERT INTO TRANSFER VALUES (DEFAULT,'2021-08-06','17:46:27.678714656');
INSERT INTO ATTENDANCE VALUES (196,12);
INSERT INTO PARENT_XCHGE VALUES (196,11);
INSERT INTO CATEGORY_TRANSFER VALUES (196,'PICKUP');
INSERT INTO DISPOSITION_TRANSFER VALUES (196,'EXHAUSTED');
INSERT INTO TRANSFER VALUES (DEFAULT,'2021-08-06','17:46:27.678776178');
INSERT INTO ATTENDANCE VALUES (197,64);
INSERT INTO PARENT_XCHGE VALUES (197,25);
INSERT INTO CATEGORY_TRANSFER VALUES (197,'DROPOFF');
INSERT INTO DISPOSITION_TRANSFER VALUES(197,'HAPPY');
INSERT INTO TRANSFER VALUES (DEFAULT,'2021-08-06','17:46:27.678776178');
INSERT INTO ATTENDANCE VALUES (198,64);
INSERT INTO PARENT_XCHGE VALUES (198,25);
INSERT INTO CATEGORY_TRANSFER VALUES (198,'PICKUP');
INSERT INTO DISPOSITION_TRANSFER VALUES (198,'EXHAUSTED');
INSERT INTO TRANSFER VALUES (DEFAULT,'2021-08-06','17:46:27.678822339');
INSERT INTO ATTENDANCE VALUES (199,84);
INSERT INTO PARENT_XCHGE VALUES (199,19);
INSERT INTO CATEGORY_TRANSFER VALUES (199,'DROPOFF');
INSERT INTO DISPOSITION_TRANSFER VALUES(199,'HAPPY');
INSERT INTO TRANSFER VALUES (DEFAULT,'2021-08-06','17:46:27.678822339');
INSERT INTO ATTENDANCE VALUES (200,84);
INSERT INTO PARENT_XCHGE VALUES (200,19);
INSERT INTO CATEGORY_TRANSFER VALUES (200,'PICKUP');
INSERT INTO DISPOSITION_TRANSFER VALUES (200,'EXHAUSTED');
